,Dates,Year,symbol,gics_sector_name,PX_LAST,DATE_OF_LAST_EXECUTIVE_CHANGE,TOT_STK_AWD_GIVEN_TO_CEO_EQUIV,TOT_OPT_AWD_GIVEN_TO_CEO_EQUIV,TOT_BONUSES_PAID_TO_CEO_EQUIV,TOT_N_EQT_INCENT_GVN_TO_CEO_EQ,COMP_LKD_LAST_CEO_&_EQUIV_CHG_DT,ALL_OTHER_COMP_AW_TO_CEO_EQUIV
2,2014-04-11,2014,AMZN,Consumer Discretionary,15.587,2006-04-30,0.0,0,0,0,1996-05-01,1600000.0
33,2014-04-18,2014,AMZN,Consumer Discretionary,16.246,2006-04-30,0.0,0,0,0,1996-05-01,1600000.0
64,2014-04-25,2014,AMZN,Consumer Discretionary,15.192,2006-04-30,0.0,0,0,0,1996-05-01,1600000.0
95,2014-05-02,2014,AMZN,Consumer Discretionary,15.401,2006-04-30,0.0,0,0,0,1996-05-01,1600000.0
126,2014-05-09,2014,AMZN,Consumer Discretionary,14.612,2006-04-30,0.0,0,0,0,1996-05-01,1600000.0
157,2014-05-16,2014,AMZN,Consumer Discretionary,14.885,2006-04-30,0.0,0,0,0,1996-05-01,1600000.0
188,2014-05-23,2014,AMZN,Consumer Discretionary,15.612,2006-04-30,0.0,0,0,0,1996-05-01,1600000.0
219,2014-05-30,2014,AMZN,Consumer Discretionary,15.628,2006-04-30,0.0,0,0,0,1996-05-01,1600000.0
250,2014-06-06,2014,AMZN,Consumer Discretionary,16.484,2006-04-30,0.0,0,0,0,1996-05-01,1600000.0
281,2014-06-13,2014,AMZN,Consumer Discretionary,16.313,2006-04-30,0.0,0,0,0,1996-05-01,1600000.0
312,2014-06-20,2014,AMZN,Consumer Discretionary,16.21,2006-04-30,0.0,0,0,0,1996-05-01,1600000.0
343,2014-06-27,2014,AMZN,Consumer Discretionary,16.229,2006-04-30,0.0,0,0,0,1996-05-01,1600000.0
374,2014-07-04,2014,AMZN,Consumer Discretionary,16.875,2006-04-30,0.0,0,0,0,1996-05-01,1600000.0
405,2014-07-11,2014,AMZN,Consumer Discretionary,17.31,2006-04-30,0.0,0,0,0,1996-05-01,1600000.0
436,2014-07-18,2014,AMZN,Consumer Discretionary,17.933,2006-04-30,0.0,0,0,0,1996-05-01,1600000.0
467,2014-07-25,2014,AMZN,Consumer Discretionary,16.2,2006-04-30,0.0,0,0,0,1996-05-01,1600000.0
498,2014-08-01,2014,AMZN,Consumer Discretionary,15.353,2006-04-30,0.0,0,0,0,1996-05-01,1600000.0
529,2014-08-08,2014,AMZN,Consumer Discretionary,15.84,2006-04-30,0.0,0,0,0,1996-05-01,1600000.0
560,2014-08-15,2014,AMZN,Consumer Discretionary,16.682,2006-04-30,0.0,0,0,0,1996-05-01,1600000.0
591,2014-08-22,2014,AMZN,Consumer Discretionary,16.58,2006-04-30,0.0,0,0,0,1996-05-01,1600000.0
622,2014-08-29,2014,AMZN,Consumer Discretionary,16.952,2006-04-30,0.0,0,0,0,1996-05-01,1600000.0
653,2014-09-05,2014,AMZN,Consumer Discretionary,17.319,2006-04-30,0.0,0,0,0,1996-05-01,1600000.0
684,2014-09-12,2014,AMZN,Consumer Discretionary,16.56,2006-04-30,0.0,0,0,0,1996-05-01,1600000.0
715,2014-09-19,2014,AMZN,Consumer Discretionary,16.566,2006-04-30,0.0,0,0,0,1996-05-01,1600000.0
746,2014-09-26,2014,AMZN,Consumer Discretionary,16.16,2006-04-30,0.0,0,0,0,1996-05-01,1600000.0
777,2014-10-03,2014,AMZN,Consumer Discretionary,16.137,2006-04-30,0.0,0,0,0,1996-05-01,1600000.0
808,2014-10-10,2014,AMZN,Consumer Discretionary,15.57,2006-04-30,0.0,0,0,0,1996-05-01,1600000.0
839,2014-10-17,2014,AMZN,Consumer Discretionary,15.182,2006-04-30,0.0,0,0,0,1996-05-01,1600000.0
870,2014-10-24,2014,AMZN,Consumer Discretionary,14.353,2006-04-30,0.0,0,0,0,1996-05-01,1600000.0
901,2014-10-31,2014,AMZN,Consumer Discretionary,15.273,2006-04-30,0.0,0,0,0,1996-05-01,1600000.0
932,2014-11-07,2014,AMZN,Consumer Discretionary,14.993,2006-04-30,0.0,0,0,0,1996-05-01,1600000.0
963,2014-11-14,2014,AMZN,Consumer Discretionary,16.391,2006-04-30,0.0,0,0,0,1996-05-01,1600000.0
994,2014-11-21,2014,AMZN,Consumer Discretionary,16.632,2006-04-30,0.0,0,0,0,1996-05-01,1600000.0
1025,2014-11-28,2014,AMZN,Consumer Discretionary,16.932,2006-04-30,0.0,0,0,0,1996-05-01,1600000.0
1056,2014-12-05,2014,AMZN,Consumer Discretionary,15.631,2006-04-30,0.0,0,0,0,1996-05-01,1600000.0
1087,2014-12-12,2014,AMZN,Consumer Discretionary,15.366,2006-04-30,0.0,0,0,0,1996-05-01,1600000.0
1118,2014-12-19,2014,AMZN,Consumer Discretionary,14.995,2006-04-30,0.0,0,0,0,1996-05-01,1600000.0
1149,2014-12-26,2014,AMZN,Consumer Discretionary,15.455,2006-04-30,0.0,0,0,0,1996-05-01,1600000.0
1180,2015-01-02,2015,AMZN,Consumer Discretionary,15.426,2015-06-30,0.0,0,0,0,1996-05-01,1600000.0
1211,2015-01-09,2015,AMZN,Consumer Discretionary,14.847,2015-06-30,0.0,0,0,0,1996-05-01,1600000.0
1242,2015-01-16,2015,AMZN,Consumer Discretionary,14.537,2015-06-30,0.0,0,0,0,1996-05-01,1600000.0
1273,2015-01-23,2015,AMZN,Consumer Discretionary,15.619,2015-06-30,0.0,0,0,0,1996-05-01,1600000.0
1304,2015-01-30,2015,AMZN,Consumer Discretionary,17.726,2015-06-30,0.0,0,0,0,1996-05-01,1600000.0
1335,2015-02-06,2015,AMZN,Consumer Discretionary,18.714,2015-06-30,0.0,0,0,0,1996-05-01,1600000.0
1366,2015-02-13,2015,AMZN,Consumer Discretionary,19.092,2015-06-30,0.0,0,0,0,1996-05-01,1600000.0
1397,2015-02-20,2015,AMZN,Consumer Discretionary,19.183,2015-06-30,0.0,0,0,0,1996-05-01,1600000.0
1428,2015-02-27,2015,AMZN,Consumer Discretionary,19.008,2015-06-30,0.0,0,0,0,1996-05-01,1600000.0
1459,2015-03-06,2015,AMZN,Consumer Discretionary,19.005,2015-06-30,0.0,0,0,0,1996-05-01,1600000.0
1490,2015-03-13,2015,AMZN,Consumer Discretionary,18.529,2015-06-30,0.0,0,0,0,1996-05-01,1600000.0
1521,2015-03-20,2015,AMZN,Consumer Discretionary,18.925,2015-06-30,0.0,0,0,0,1996-05-01,1600000.0
1552,2015-03-27,2015,AMZN,Consumer Discretionary,18.528,2015-06-30,0.0,0,0,0,1996-05-01,1600000.0
1583,2015-04-03,2015,AMZN,Consumer Discretionary,18.613,2015-06-30,0.0,0,0,0,1996-05-01,1600000.0
1614,2015-04-10,2015,AMZN,Consumer Discretionary,19.133,2015-06-30,0.0,0,0,0,1996-05-01,1600000.0
1645,2015-04-17,2015,AMZN,Consumer Discretionary,18.778,2015-06-30,0.0,0,0,0,1996-05-01,1600000.0
1676,2015-04-24,2015,AMZN,Consumer Discretionary,22.255,2015-06-30,0.0,0,0,0,1996-05-01,1600000.0
1707,2015-05-01,2015,AMZN,Consumer Discretionary,21.144,2015-06-30,0.0,0,0,0,1996-05-01,1600000.0
1738,2015-05-08,2015,AMZN,Consumer Discretionary,21.685,2015-06-30,0.0,0,0,0,1996-05-01,1600000.0
1769,2015-05-15,2015,AMZN,Consumer Discretionary,21.3,2015-06-30,0.0,0,0,0,1996-05-01,1600000.0
1800,2015-05-22,2015,AMZN,Consumer Discretionary,21.382,2015-06-30,0.0,0,0,0,1996-05-01,1600000.0
1831,2015-05-29,2015,AMZN,Consumer Discretionary,21.462,2015-06-30,0.0,0,0,0,1996-05-01,1600000.0
1862,2015-06-05,2015,AMZN,Consumer Discretionary,21.348,2015-06-30,0.0,0,0,0,1996-05-01,1600000.0
1893,2015-06-12,2015,AMZN,Consumer Discretionary,21.496,2015-06-30,0.0,0,0,0,1996-05-01,1600000.0
1924,2015-06-19,2015,AMZN,Consumer Discretionary,21.746,2015-06-30,0.0,0,0,0,1996-05-01,1600000.0
1955,2015-06-26,2015,AMZN,Consumer Discretionary,21.905,2015-06-30,0.0,0,0,0,1996-05-01,1600000.0
1986,2015-07-03,2015,AMZN,Consumer Discretionary,21.886,2015-06-30,0.0,0,0,0,1996-05-01,1600000.0
2017,2015-07-10,2015,AMZN,Consumer Discretionary,22.176,2015-06-30,0.0,0,0,0,1996-05-01,1600000.0
2048,2015-07-17,2015,AMZN,Consumer Discretionary,24.151,2015-06-30,0.0,0,0,0,1996-05-01,1600000.0
2079,2015-07-24,2015,AMZN,Consumer Discretionary,26.471,2015-06-30,0.0,0,0,0,1996-05-01,1600000.0
2110,2015-07-31,2015,AMZN,Consumer Discretionary,26.807,2015-06-30,0.0,0,0,0,1996-05-01,1600000.0
2141,2015-08-07,2015,AMZN,Consumer Discretionary,26.131,2015-06-30,0.0,0,0,0,1996-05-01,1600000.0
2172,2015-08-14,2015,AMZN,Consumer Discretionary,26.576,2015-06-30,0.0,0,0,0,1996-05-01,1600000.0
2203,2015-08-21,2015,AMZN,Consumer Discretionary,24.724,2015-06-30,0.0,0,0,0,1996-05-01,1600000.0
2234,2015-08-28,2015,AMZN,Consumer Discretionary,25.901,2015-06-30,0.0,0,0,0,1996-05-01,1600000.0
2265,2015-09-04,2015,AMZN,Consumer Discretionary,24.95,2015-06-30,0.0,0,0,0,1996-05-01,1600000.0
2296,2015-09-11,2015,AMZN,Consumer Discretionary,26.472,2015-06-30,0.0,0,0,0,1996-05-01,1600000.0
2327,2015-09-18,2015,AMZN,Consumer Discretionary,27.013,2015-06-30,0.0,0,0,0,1996-05-01,1600000.0
2358,2015-09-25,2015,AMZN,Consumer Discretionary,26.213,2015-06-30,0.0,0,0,0,1996-05-01,1600000.0
2389,2015-10-02,2015,AMZN,Consumer Discretionary,26.627,2015-06-30,0.0,0,0,0,1996-05-01,1600000.0
2420,2015-10-09,2015,AMZN,Consumer Discretionary,26.99,2015-06-30,0.0,0,0,0,1996-05-01,1600000.0
2451,2015-10-16,2015,AMZN,Consumer Discretionary,28.538,2015-06-30,0.0,0,0,0,1996-05-01,1600000.0
2482,2015-10-23,2015,AMZN,Consumer Discretionary,29.952,2015-06-30,0.0,0,0,0,1996-05-01,1600000.0
2513,2015-10-30,2015,AMZN,Consumer Discretionary,31.295,2015-06-30,0.0,0,0,0,1996-05-01,1600000.0
2544,2015-11-06,2015,AMZN,Consumer Discretionary,32.969,2015-06-30,0.0,0,0,0,1996-05-01,1600000.0
2575,2015-11-13,2015,AMZN,Consumer Discretionary,32.118,2015-06-30,0.0,0,0,0,1996-05-01,1600000.0
2606,2015-11-20,2015,AMZN,Consumer Discretionary,33.423,2015-06-30,0.0,0,0,0,1996-05-01,1600000.0
2637,2015-11-27,2015,AMZN,Consumer Discretionary,33.663,2015-06-30,0.0,0,0,0,1996-05-01,1600000.0
2668,2015-12-04,2015,AMZN,Consumer Discretionary,33.632,2015-06-30,0.0,0,0,0,1996-05-01,1600000.0
2699,2015-12-11,2015,AMZN,Consumer Discretionary,32.008,2015-06-30,0.0,0,0,0,1996-05-01,1600000.0
2730,2015-12-18,2015,AMZN,Consumer Discretionary,33.207,2015-06-30,0.0,0,0,0,1996-05-01,1600000.0
2761,2015-12-25,2015,AMZN,Consumer Discretionary,33.14,2015-06-30,0.0,0,0,0,1996-05-01,1600000.0
2792,2016-01-01,2016,AMZN,Consumer Discretionary,33.795,2016-08-31,0.0,0,0,0,1996-05-01,1600000.0
2823,2016-01-08,2016,AMZN,Consumer Discretionary,30.353,2016-08-31,0.0,0,0,0,1996-05-01,1600000.0
2854,2016-01-15,2016,AMZN,Consumer Discretionary,28.509,2016-08-31,0.0,0,0,0,1996-05-01,1600000.0
2885,2016-01-22,2016,AMZN,Consumer Discretionary,29.819,2016-08-31,0.0,0,0,0,1996-05-01,1600000.0
2916,2016-01-29,2016,AMZN,Consumer Discretionary,29.35,2016-08-31,0.0,0,0,0,1996-05-01,1600000.0
2947,2016-02-05,2016,AMZN,Consumer Discretionary,25.107,2016-08-31,0.0,0,0,0,1996-05-01,1600000.0
2978,2016-02-12,2016,AMZN,Consumer Discretionary,25.354,2016-08-31,0.0,0,0,0,1996-05-01,1600000.0
3009,2016-02-19,2016,AMZN,Consumer Discretionary,26.745,2016-08-31,0.0,0,0,0,1996-05-01,1600000.0
3040,2016-02-26,2016,AMZN,Consumer Discretionary,27.762,2016-08-31,0.0,0,0,0,1996-05-01,1600000.0
3071,2016-03-04,2016,AMZN,Consumer Discretionary,28.757,2016-08-31,0.0,0,0,0,1996-05-01,1600000.0
3102,2016-03-11,2016,AMZN,Consumer Discretionary,28.481,2016-08-31,0.0,0,0,0,1996-05-01,1600000.0
3133,2016-03-18,2016,AMZN,Consumer Discretionary,27.604,2016-08-31,0.0,0,0,0,1996-05-01,1600000.0
3164,2016-03-25,2016,AMZN,Consumer Discretionary,29.148,2016-08-31,0.0,0,0,0,1996-05-01,1600000.0
3195,2016-04-01,2016,AMZN,Consumer Discretionary,29.925,2016-08-31,0.0,0,0,0,1996-05-01,1600000.0
3226,2016-04-08,2016,AMZN,Consumer Discretionary,29.73,2016-08-31,0.0,0,0,0,1996-05-01,1600000.0
3257,2016-04-15,2016,AMZN,Consumer Discretionary,31.295,2016-08-31,0.0,0,0,0,1996-05-01,1600000.0
3288,2016-04-22,2016,AMZN,Consumer Discretionary,31.025,2016-08-31,0.0,0,0,0,1996-05-01,1600000.0
3319,2016-04-29,2016,AMZN,Consumer Discretionary,32.98,2016-08-31,0.0,0,0,0,1996-05-01,1600000.0
3350,2016-05-06,2016,AMZN,Consumer Discretionary,33.698,2016-08-31,0.0,0,0,0,1996-05-01,1600000.0
3381,2016-05-13,2016,AMZN,Consumer Discretionary,35.496,2016-08-31,0.0,0,0,0,1996-05-01,1600000.0
3412,2016-05-20,2016,AMZN,Consumer Discretionary,35.14,2016-08-31,0.0,0,0,0,1996-05-01,1600000.0
3443,2016-05-27,2016,AMZN,Consumer Discretionary,35.612,2016-08-31,0.0,0,0,0,1996-05-01,1600000.0
3474,2016-06-03,2016,AMZN,Consumer Discretionary,36.277,2016-08-31,0.0,0,0,0,1996-05-01,1600000.0
3505,2016-06-10,2016,AMZN,Consumer Discretionary,35.896,2016-08-31,0.0,0,0,0,1996-05-01,1600000.0
3536,2016-06-17,2016,AMZN,Consumer Discretionary,35.32,2016-08-31,0.0,0,0,0,1996-05-01,1600000.0
3567,2016-06-24,2016,AMZN,Consumer Discretionary,34.948,2016-08-31,0.0,0,0,0,1996-05-01,1600000.0
3598,2016-07-01,2016,AMZN,Consumer Discretionary,36.284,2016-08-31,0.0,0,0,0,1996-05-01,1600000.0
3629,2016-07-08,2016,AMZN,Consumer Discretionary,37.29,2016-08-31,0.0,0,0,0,1996-05-01,1600000.0
3660,2016-07-15,2016,AMZN,Consumer Discretionary,36.772,2016-08-31,0.0,0,0,0,1996-05-01,1600000.0
3691,2016-07-22,2016,AMZN,Consumer Discretionary,37.243,2016-08-31,0.0,0,0,0,1996-05-01,1600000.0
3722,2016-07-29,2016,AMZN,Consumer Discretionary,37.941,2016-08-31,0.0,0,0,0,1996-05-01,1600000.0
3753,2016-08-05,2016,AMZN,Consumer Discretionary,38.299,2016-08-31,0.0,0,0,0,1996-05-01,1600000.0
3784,2016-08-12,2016,AMZN,Consumer Discretionary,38.628,2016-08-31,0.0,0,0,0,1996-05-01,1600000.0
3815,2016-08-19,2016,AMZN,Consumer Discretionary,37.866,2016-08-31,0.0,0,0,0,1996-05-01,1600000.0
3846,2016-08-26,2016,AMZN,Consumer Discretionary,38.45,2016-08-31,0.0,0,0,0,1996-05-01,1600000.0
3877,2016-09-02,2016,AMZN,Consumer Discretionary,38.622,2016-08-31,0.0,0,0,0,1996-05-01,1600000.0
3908,2016-09-09,2016,AMZN,Consumer Discretionary,38.007,2016-08-31,0.0,0,0,0,1996-05-01,1600000.0
3939,2016-09-16,2016,AMZN,Consumer Discretionary,38.926,2016-08-31,0.0,0,0,0,1996-05-01,1600000.0
3970,2016-09-23,2016,AMZN,Consumer Discretionary,40.288,2016-08-31,0.0,0,0,0,1996-05-01,1600000.0
4001,2016-09-30,2016,AMZN,Consumer Discretionary,41.866,2016-08-31,0.0,0,0,0,1996-05-01,1600000.0
4032,2016-10-07,2016,AMZN,Consumer Discretionary,41.972,2016-08-31,0.0,0,0,0,1996-05-01,1600000.0
4063,2016-10-14,2016,AMZN,Consumer Discretionary,41.148,2016-08-31,0.0,0,0,0,1996-05-01,1600000.0
4094,2016-10-21,2016,AMZN,Consumer Discretionary,40.95,2016-08-31,0.0,0,0,0,1996-05-01,1600000.0
4125,2016-10-28,2016,AMZN,Consumer Discretionary,38.816,2016-08-31,0.0,0,0,0,1996-05-01,1600000.0
4156,2016-11-04,2016,AMZN,Consumer Discretionary,37.753,2016-08-31,0.0,0,0,0,1996-05-01,1600000.0
4187,2016-11-11,2016,AMZN,Consumer Discretionary,36.951,2016-08-31,0.0,0,0,0,1996-05-01,1600000.0
4218,2016-11-18,2016,AMZN,Consumer Discretionary,38.008,2016-08-31,0.0,0,0,0,1996-05-01,1600000.0
4249,2016-11-25,2016,AMZN,Consumer Discretionary,39.019,2016-08-31,0.0,0,0,0,1996-05-01,1600000.0
4280,2016-12-02,2016,AMZN,Consumer Discretionary,37.017,2016-08-31,0.0,0,0,0,1996-05-01,1600000.0
4311,2016-12-09,2016,AMZN,Consumer Discretionary,38.433,2016-08-31,0.0,0,0,0,1996-05-01,1600000.0
4342,2016-12-16,2016,AMZN,Consumer Discretionary,37.889,2016-08-31,0.0,0,0,0,1996-05-01,1600000.0
4373,2016-12-23,2016,AMZN,Consumer Discretionary,38.03,2016-08-31,0.0,0,0,0,1996-05-01,1600000.0
4404,2016-12-30,2016,AMZN,Consumer Discretionary,37.494,2016-08-31,0.0,0,0,0,1996-05-01,1600000.0
4435,2017-01-06,2017,AMZN,Consumer Discretionary,39.8,2016-04-07,0.0,0,0,0,1996-05-01,1600000.0
4466,2017-01-13,2017,AMZN,Consumer Discretionary,40.857,2016-04-07,0.0,0,0,0,1996-05-01,1600000.0
4497,2017-01-20,2017,AMZN,Consumer Discretionary,40.417,2016-04-07,0.0,0,0,0,1996-05-01,1600000.0
4528,2017-01-27,2017,AMZN,Consumer Discretionary,41.789,2016-04-07,0.0,0,0,0,1996-05-01,1600000.0
4559,2017-02-03,2017,AMZN,Consumer Discretionary,40.51,2016-04-07,0.0,0,0,0,1996-05-01,1600000.0
4590,2017-02-10,2017,AMZN,Consumer Discretionary,41.373,2016-04-07,0.0,0,0,0,1996-05-01,1600000.0
4621,2017-02-17,2017,AMZN,Consumer Discretionary,42.254,2016-04-07,0.0,0,0,0,1996-05-01,1600000.0
4652,2017-02-24,2017,AMZN,Consumer Discretionary,42.262,2016-04-07,0.0,0,0,0,1996-05-01,1600000.0
4683,2017-03-03,2017,AMZN,Consumer Discretionary,42.494,2016-04-07,0.0,0,0,0,1996-05-01,1600000.0
4714,2017-03-10,2017,AMZN,Consumer Discretionary,42.623,2016-04-07,0.0,0,0,0,1996-05-01,1600000.0
4745,2017-03-17,2017,AMZN,Consumer Discretionary,42.616,2016-04-07,0.0,0,0,0,1996-05-01,1600000.0
4776,2017-03-24,2017,AMZN,Consumer Discretionary,42.281,2016-04-07,0.0,0,0,0,1996-05-01,1600000.0
4807,2017-03-31,2017,AMZN,Consumer Discretionary,44.327,2016-04-07,0.0,0,0,0,1996-05-01,1600000.0
4838,2017-04-07,2017,AMZN,Consumer Discretionary,44.744,2016-04-07,0.0,0,0,0,1996-05-01,1600000.0
4869,2017-04-14,2017,AMZN,Consumer Discretionary,44.234,2016-04-07,0.0,0,0,0,1996-05-01,1600000.0
4900,2017-04-21,2017,AMZN,Consumer Discretionary,44.927,2016-04-07,0.0,0,0,0,1996-05-01,1600000.0
4931,2017-04-28,2017,AMZN,Consumer Discretionary,46.25,2016-04-07,0.0,0,0,0,1996-05-01,1600000.0
4962,2017-05-05,2017,AMZN,Consumer Discretionary,46.707,2016-04-07,0.0,0,0,0,1996-05-01,1600000.0
4993,2017-05-12,2017,AMZN,Consumer Discretionary,48.068,2016-04-07,0.0,0,0,0,1996-05-01,1600000.0
5024,2017-05-19,2017,AMZN,Consumer Discretionary,47.992,2016-04-07,0.0,0,0,0,1996-05-01,1600000.0
5055,2017-05-26,2017,AMZN,Consumer Discretionary,49.789,2016-04-07,0.0,0,0,0,1996-05-01,1600000.0
5086,2017-06-02,2017,AMZN,Consumer Discretionary,50.337,2016-04-07,0.0,0,0,0,1996-05-01,1600000.0
5117,2017-06-09,2017,AMZN,Consumer Discretionary,48.915,2016-04-07,0.0,0,0,0,1996-05-01,1600000.0
5148,2017-06-16,2017,AMZN,Consumer Discretionary,49.386,2016-04-07,0.0,0,0,0,1996-05-01,1600000.0
5179,2017-06-23,2017,AMZN,Consumer Discretionary,50.187,2016-04-07,0.0,0,0,0,1996-05-01,1600000.0
5210,2017-06-30,2017,AMZN,Consumer Discretionary,48.4,2016-04-07,0.0,0,0,0,1996-05-01,1600000.0
5241,2017-07-07,2017,AMZN,Consumer Discretionary,48.938,2016-04-07,0.0,0,0,0,1996-05-01,1600000.0
5272,2017-07-14,2017,AMZN,Consumer Discretionary,50.091,2016-04-07,0.0,0,0,0,1996-05-01,1600000.0
5303,2017-07-21,2017,AMZN,Consumer Discretionary,51.284,2016-04-07,0.0,0,0,0,1996-05-01,1600000.0
5334,2017-07-28,2017,AMZN,Consumer Discretionary,51.002,2016-04-07,0.0,0,0,0,1996-05-01,1600000.0
5365,2017-08-04,2017,AMZN,Consumer Discretionary,49.379,2016-04-07,0.0,0,0,0,1996-05-01,1600000.0
5396,2017-08-11,2017,AMZN,Consumer Discretionary,48.4,2016-04-07,0.0,0,0,0,1996-05-01,1600000.0
5427,2017-08-18,2017,AMZN,Consumer Discretionary,47.924,2016-04-07,0.0,0,0,0,1996-05-01,1600000.0
5458,2017-08-25,2017,AMZN,Consumer Discretionary,47.263,2016-04-07,0.0,0,0,0,1996-05-01,1600000.0
5489,2017-09-01,2017,AMZN,Consumer Discretionary,48.913,2016-04-07,0.0,0,0,0,1996-05-01,1600000.0
5520,2017-09-08,2017,AMZN,Consumer Discretionary,48.295,2016-04-07,0.0,0,0,0,1996-05-01,1600000.0
5551,2017-09-15,2017,AMZN,Consumer Discretionary,49.34,2016-04-07,0.0,0,0,0,1996-05-01,1600000.0
5582,2017-09-22,2017,AMZN,Consumer Discretionary,47.755,2016-04-07,0.0,0,0,0,1996-05-01,1600000.0
5613,2017-09-29,2017,AMZN,Consumer Discretionary,48.068,2016-04-07,0.0,0,0,0,1996-05-01,1600000.0
5644,2017-10-06,2017,AMZN,Consumer Discretionary,49.479,2016-04-07,0.0,0,0,0,1996-05-01,1600000.0
5675,2017-10-13,2017,AMZN,Consumer Discretionary,50.147,2016-04-07,0.0,0,0,0,1996-05-01,1600000.0
5706,2017-10-20,2017,AMZN,Consumer Discretionary,49.146,2016-04-07,0.0,0,0,0,1996-05-01,1600000.0
5737,2017-10-27,2017,AMZN,Consumer Discretionary,55.048,2016-04-07,0.0,0,0,0,1996-05-01,1600000.0
5768,2017-11-03,2017,AMZN,Consumer Discretionary,55.58,2016-04-07,0.0,0,0,0,1996-05-01,1600000.0
5799,2017-11-10,2017,AMZN,Consumer Discretionary,56.268,2016-04-07,0.0,0,0,0,1996-05-01,1600000.0
5830,2017-11-17,2017,AMZN,Consumer Discretionary,56.494,2016-04-07,0.0,0,0,0,1996-05-01,1600000.0
5861,2017-11-24,2017,AMZN,Consumer Discretionary,59.3,2016-04-07,0.0,0,0,0,1996-05-01,1600000.0
5892,2017-12-01,2017,AMZN,Consumer Discretionary,58.117,2016-04-07,0.0,0,0,0,1996-05-01,1600000.0
5923,2017-12-08,2017,AMZN,Consumer Discretionary,58.1,2016-04-07,0.0,0,0,0,1996-05-01,1600000.0
5954,2017-12-15,2017,AMZN,Consumer Discretionary,58.957,2016-04-07,0.0,0,0,0,1996-05-01,1600000.0
5985,2017-12-22,2017,AMZN,Consumer Discretionary,58.418,2016-04-07,0.0,0,0,0,1996-05-01,1600000.0
6016,2017-12-29,2017,AMZN,Consumer Discretionary,58.474,2016-04-07,0.0,0,0,0,1996-05-01,1600000.0
6047,2018-01-05,2018,AMZN,Consumer Discretionary,61.457,2016-04-07,0.0,0,0,0,1996-05-01,1600000.0
6078,2018-01-12,2018,AMZN,Consumer Discretionary,65.26,2016-04-07,0.0,0,0,0,1996-05-01,1600000.0
6109,2018-01-19,2018,AMZN,Consumer Discretionary,64.729,2016-04-07,0.0,0,0,0,1996-05-01,1600000.0
6140,2018-01-26,2018,AMZN,Consumer Discretionary,70.102,2016-04-07,0.0,0,0,0,1996-05-01,1600000.0
6171,2018-02-02,2018,AMZN,Consumer Discretionary,71.498,2016-04-07,0.0,0,0,0,1996-05-01,1600000.0
6202,2018-02-09,2018,AMZN,Consumer Discretionary,66.98,2016-04-07,0.0,0,0,0,1996-05-01,1600000.0
6233,2018-02-16,2018,AMZN,Consumer Discretionary,72.435,2016-04-07,0.0,0,0,0,1996-05-01,1600000.0
6264,2018-02-23,2018,AMZN,Consumer Discretionary,75.0,2016-04-07,0.0,0,0,0,1996-05-01,1600000.0
6295,2018-03-02,2018,AMZN,Consumer Discretionary,75.013,2016-04-07,0.0,0,0,0,1996-05-01,1600000.0
6326,2018-03-09,2018,AMZN,Consumer Discretionary,78.945,2016-04-07,0.0,0,0,0,1996-05-01,1600000.0
6357,2018-03-16,2018,AMZN,Consumer Discretionary,78.584,2016-04-07,0.0,0,0,0,1996-05-01,1600000.0
6388,2018-03-23,2018,AMZN,Consumer Discretionary,74.778,2016-04-07,0.0,0,0,0,1996-05-01,1600000.0
6419,2018-03-30,2018,AMZN,Consumer Discretionary,72.367,2016-04-07,0.0,0,0,0,1996-05-01,1600000.0
6450,2018-04-06,2018,AMZN,Consumer Discretionary,70.262,2016-04-07,0.0,0,0,0,1996-05-01,1600000.0
6481,2018-04-13,2018,AMZN,Consumer Discretionary,71.54,2016-04-07,0.0,0,0,0,1996-05-01,1600000.0
6512,2018-04-20,2018,AMZN,Consumer Discretionary,76.375,2016-04-07,0.0,0,0,0,1996-05-01,1600000.0
6543,2018-04-27,2018,AMZN,Consumer Discretionary,78.631,2016-04-07,0.0,0,0,0,1996-05-01,1600000.0
6574,2018-05-04,2018,AMZN,Consumer Discretionary,79.048,2016-04-07,0.0,0,0,0,1996-05-01,1600000.0
6605,2018-05-11,2018,AMZN,Consumer Discretionary,80.146,2016-04-07,0.0,0,0,0,1996-05-01,1600000.0
6636,2018-05-18,2018,AMZN,Consumer Discretionary,78.718,2016-04-07,0.0,0,0,0,1996-05-01,1600000.0
6667,2018-05-25,2018,AMZN,Consumer Discretionary,80.508,2016-04-07,0.0,0,0,0,1996-05-01,1600000.0
6698,2018-06-01,2018,AMZN,Consumer Discretionary,82.077,2016-04-07,0.0,0,0,0,1996-05-01,1600000.0
6729,2018-06-08,2018,AMZN,Consumer Discretionary,84.2,2016-04-07,0.0,0,0,0,1996-05-01,1600000.0
6760,2018-06-15,2018,AMZN,Consumer Discretionary,85.799,2016-04-07,0.0,0,0,0,1996-05-01,1600000.0
6791,2018-06-22,2018,AMZN,Consumer Discretionary,85.784,2016-04-07,0.0,0,0,0,1996-05-01,1600000.0
6822,2018-06-29,2018,AMZN,Consumer Discretionary,84.99,2016-04-07,0.0,0,0,0,1996-05-01,1600000.0
6853,2018-07-06,2018,AMZN,Consumer Discretionary,85.532,2016-04-07,0.0,0,0,0,1996-05-01,1600000.0
6884,2018-07-13,2018,AMZN,Consumer Discretionary,90.652,2016-04-07,0.0,0,0,0,1996-05-01,1600000.0
6915,2018-07-20,2018,AMZN,Consumer Discretionary,90.685,2016-04-07,0.0,0,0,0,1996-05-01,1600000.0
6946,2018-07-27,2018,AMZN,Consumer Discretionary,90.864,2016-04-07,0.0,0,0,0,1996-05-01,1600000.0
6977,2018-08-03,2018,AMZN,Consumer Discretionary,91.165,2016-04-07,0.0,0,0,0,1996-05-01,1600000.0
7008,2018-08-10,2018,AMZN,Consumer Discretionary,94.315,2016-04-07,0.0,0,0,0,1996-05-01,1600000.0
7039,2018-08-17,2018,AMZN,Consumer Discretionary,94.111,2016-04-07,0.0,0,0,0,1996-05-01,1600000.0
7070,2018-08-24,2018,AMZN,Consumer Discretionary,95.27,2016-04-07,0.0,0,0,0,1996-05-01,1600000.0
7101,2018-08-31,2018,AMZN,Consumer Discretionary,100.636,2016-04-07,0.0,0,0,0,1996-05-01,1600000.0
7132,2018-09-07,2018,AMZN,Consumer Discretionary,97.604,2016-04-07,0.0,0,0,0,1996-05-01,1600000.0
7163,2018-09-14,2018,AMZN,Consumer Discretionary,98.51,2016-04-07,0.0,0,0,0,1996-05-01,1600000.0
7194,2018-09-21,2018,AMZN,Consumer Discretionary,95.751,2016-04-07,0.0,0,0,0,1996-05-01,1600000.0
7225,2018-09-28,2018,AMZN,Consumer Discretionary,100.15,2016-04-07,0.0,0,0,0,1996-05-01,1600000.0
7256,2018-10-05,2018,AMZN,Consumer Discretionary,94.483,2016-04-07,0.0,0,0,0,1996-05-01,1600000.0
7287,2018-10-12,2018,AMZN,Consumer Discretionary,89.431,2016-04-07,0.0,0,0,0,1996-05-01,1600000.0
7318,2018-10-19,2018,AMZN,Consumer Discretionary,88.202,2016-04-07,0.0,0,0,0,1996-05-01,1600000.0
7349,2018-10-26,2018,AMZN,Consumer Discretionary,82.141,2016-04-07,0.0,0,0,0,1996-05-01,1600000.0
7380,2018-11-02,2018,AMZN,Consumer Discretionary,83.277,2016-04-07,0.0,0,0,0,1996-05-01,1600000.0
7411,2018-11-09,2018,AMZN,Consumer Discretionary,85.622,2016-04-07,0.0,0,0,0,1996-05-01,1600000.0
7442,2018-11-16,2018,AMZN,Consumer Discretionary,79.671,2016-04-07,0.0,0,0,0,1996-05-01,1600000.0
7473,2018-11-23,2018,AMZN,Consumer Discretionary,75.103,2016-04-07,0.0,0,0,0,1996-05-01,1600000.0
7504,2018-11-30,2018,AMZN,Consumer Discretionary,84.509,2016-04-07,0.0,0,0,0,1996-05-01,1600000.0
7535,2018-12-07,2018,AMZN,Consumer Discretionary,81.457,2016-04-07,0.0,0,0,0,1996-05-01,1600000.0
7566,2018-12-14,2018,AMZN,Consumer Discretionary,79.596,2016-04-07,0.0,0,0,0,1996-05-01,1600000.0
7597,2018-12-21,2018,AMZN,Consumer Discretionary,68.873,2016-04-07,0.0,0,0,0,1996-05-01,1600000.0
7628,2018-12-28,2018,AMZN,Consumer Discretionary,73.901,2016-04-07,0.0,0,0,0,1996-05-01,1600000.0
7659,2019-01-04,2019,AMZN,Consumer Discretionary,78.77,2016-04-07,0.0,0,0,0,1996-05-01,1600000.0
7690,2019-01-11,2019,AMZN,Consumer Discretionary,82.028,2016-04-07,0.0,0,0,0,1996-05-01,1600000.0
7721,2019-01-18,2019,AMZN,Consumer Discretionary,84.81,2016-04-07,0.0,0,0,0,1996-05-01,1600000.0
7752,2019-01-25,2019,AMZN,Consumer Discretionary,83.529,2016-04-07,0.0,0,0,0,1996-05-01,1600000.0
7783,2019-02-01,2019,AMZN,Consumer Discretionary,81.312,2016-04-07,0.0,0,0,0,1996-05-01,1600000.0
7814,2019-02-08,2019,AMZN,Consumer Discretionary,79.411,2016-04-07,0.0,0,0,0,1996-05-01,1600000.0
7845,2019-02-15,2019,AMZN,Consumer Discretionary,80.398,2016-04-07,0.0,0,0,0,1996-05-01,1600000.0
7876,2019-02-22,2019,AMZN,Consumer Discretionary,81.578,2016-04-07,0.0,0,0,0,1996-05-01,1600000.0
7907,2019-03-01,2019,AMZN,Consumer Discretionary,83.587,2016-04-07,0.0,0,0,0,1996-05-01,1600000.0
7938,2019-03-08,2019,AMZN,Consumer Discretionary,81.04,2016-04-07,0.0,0,0,0,1996-05-01,1600000.0
7969,2019-03-15,2019,AMZN,Consumer Discretionary,85.618,2016-04-07,0.0,0,0,0,1996-05-01,1600000.0
8000,2019-03-22,2019,AMZN,Consumer Discretionary,88.239,2016-04-07,0.0,0,0,0,1996-05-01,1600000.0
8031,2019-03-29,2019,AMZN,Consumer Discretionary,89.038,2016-04-07,0.0,0,0,0,1996-05-01,1600000.0
8062,2019-04-05,2019,AMZN,Consumer Discretionary,91.864,2016-04-07,0.0,0,0,0,1996-05-01,1600000.0
8093,2019-04-12,2019,AMZN,Consumer Discretionary,92.153,2016-04-07,0.0,0,0,0,1996-05-01,1600000.0
8124,2019-04-19,2019,AMZN,Consumer Discretionary,93.085,2016-04-07,0.0,0,0,0,1996-05-01,1600000.0
8155,2019-04-26,2019,AMZN,Consumer Discretionary,97.532,2016-04-07,0.0,0,0,0,1996-05-01,1600000.0
8186,2019-05-03,2019,AMZN,Consumer Discretionary,98.123,2016-04-07,0.0,0,0,0,1996-05-01,1600000.0
8217,2019-05-10,2019,AMZN,Consumer Discretionary,94.499,2016-04-07,0.0,0,0,0,1996-05-01,1600000.0
8248,2019-05-17,2019,AMZN,Consumer Discretionary,93.45,2016-04-07,0.0,0,0,0,1996-05-01,1600000.0
8279,2019-05-24,2019,AMZN,Consumer Discretionary,91.164,2016-04-07,0.0,0,0,0,1996-05-01,1600000.0
8310,2019-05-31,2019,AMZN,Consumer Discretionary,88.754,2016-04-07,0.0,0,0,0,1996-05-01,1600000.0
8341,2019-06-07,2019,AMZN,Consumer Discretionary,90.202,2016-04-07,0.0,0,0,0,1996-05-01,1600000.0
8372,2019-06-14,2019,AMZN,Consumer Discretionary,93.484,2016-04-07,0.0,0,0,0,1996-05-01,1600000.0
8403,2019-06-21,2019,AMZN,Consumer Discretionary,95.565,2016-04-07,0.0,0,0,0,1996-05-01,1600000.0
8434,2019-06-28,2019,AMZN,Consumer Discretionary,94.682,2016-04-07,0.0,0,0,0,1996-05-01,1600000.0
8465,2019-07-05,2019,AMZN,Consumer Discretionary,97.146,2016-04-07,0.0,0,0,0,1996-05-01,1600000.0
8496,2019-07-12,2019,AMZN,Consumer Discretionary,100.55,2016-04-07,0.0,0,0,0,1996-05-01,1600000.0
8527,2019-07-19,2019,AMZN,Consumer Discretionary,98.226,2016-04-07,0.0,0,0,0,1996-05-01,1600000.0
8558,2019-07-26,2019,AMZN,Consumer Discretionary,97.153,2016-04-07,0.0,0,0,0,1996-05-01,1600000.0
8589,2019-08-02,2019,AMZN,Consumer Discretionary,91.162,2016-04-07,0.0,0,0,0,1996-05-01,1600000.0
8620,2019-08-09,2019,AMZN,Consumer Discretionary,90.379,2016-04-07,0.0,0,0,0,1996-05-01,1600000.0
8651,2019-08-16,2019,AMZN,Consumer Discretionary,89.629,2016-04-07,0.0,0,0,0,1996-05-01,1600000.0
8682,2019-08-23,2019,AMZN,Consumer Discretionary,87.481,2016-04-07,0.0,0,0,0,1996-05-01,1600000.0
8713,2019-08-30,2019,AMZN,Consumer Discretionary,88.815,2016-04-07,0.0,0,0,0,1996-05-01,1600000.0
8744,2019-09-06,2019,AMZN,Consumer Discretionary,91.676,2016-04-07,0.0,0,0,0,1996-05-01,1600000.0
8775,2019-09-13,2019,AMZN,Consumer Discretionary,91.967,2016-04-07,0.0,0,0,0,1996-05-01,1600000.0
8806,2019-09-20,2019,AMZN,Consumer Discretionary,89.708,2016-04-07,0.0,0,0,0,1996-05-01,1600000.0
8837,2019-09-27,2019,AMZN,Consumer Discretionary,86.273,2016-04-07,0.0,0,0,0,1996-05-01,1600000.0
8868,2019-10-04,2019,AMZN,Consumer Discretionary,86.983,2016-04-07,0.0,0,0,0,1996-05-01,1600000.0
8899,2019-10-11,2019,AMZN,Consumer Discretionary,86.596,2016-04-07,0.0,0,0,0,1996-05-01,1600000.0
8930,2019-10-18,2019,AMZN,Consumer Discretionary,87.876,2016-04-07,0.0,0,0,0,1996-05-01,1600000.0
8961,2019-10-25,2019,AMZN,Consumer Discretionary,88.066,2016-04-07,0.0,0,0,0,1996-05-01,1600000.0
8992,2019-11-01,2019,AMZN,Consumer Discretionary,89.572,2016-04-07,0.0,0,0,0,1996-05-01,1600000.0
9023,2019-11-08,2019,AMZN,Consumer Discretionary,89.294,2016-04-07,0.0,0,0,0,1996-05-01,1600000.0
9054,2019-11-15,2019,AMZN,Consumer Discretionary,86.975,2016-04-07,0.0,0,0,0,1996-05-01,1600000.0
9085,2019-11-22,2019,AMZN,Consumer Discretionary,87.286,2016-04-07,0.0,0,0,0,1996-05-01,1600000.0
9116,2019-11-29,2019,AMZN,Consumer Discretionary,90.04,2016-04-07,0.0,0,0,0,1996-05-01,1600000.0
9147,2019-12-06,2019,AMZN,Consumer Discretionary,87.58,2016-04-07,0.0,0,0,0,1996-05-01,1600000.0
9178,2019-12-13,2019,AMZN,Consumer Discretionary,88.047,2016-04-07,0.0,0,0,0,1996-05-01,1600000.0
9209,2019-12-20,2019,AMZN,Consumer Discretionary,89.325,2016-04-07,0.0,0,0,0,1996-05-01,1600000.0
9240,2019-12-27,2019,AMZN,Consumer Discretionary,93.49,2016-04-07,0.0,0,0,0,1996-05-01,1600000.0
9271,2020-01-03,2020,AMZN,Consumer Discretionary,93.749,2016-04-07,0.0,0,0,0,1996-05-01,1600000.0
9302,2020-01-10,2020,AMZN,Consumer Discretionary,94.158,2016-04-07,0.0,0,0,0,1996-05-01,1600000.0
9333,2020-01-17,2020,AMZN,Consumer Discretionary,93.236,2016-04-07,0.0,0,0,0,1996-05-01,1600000.0
9364,2020-01-24,2020,AMZN,Consumer Discretionary,93.082,2016-04-07,0.0,0,0,0,1996-05-01,1600000.0
9395,2020-01-31,2020,AMZN,Consumer Discretionary,100.436,2016-04-07,0.0,0,0,0,1996-05-01,1600000.0
9426,2020-02-07,2020,AMZN,Consumer Discretionary,103.964,2016-04-07,0.0,0,0,0,1996-05-01,1600000.0
9457,2020-02-14,2020,AMZN,Consumer Discretionary,106.744,2016-04-07,0.0,0,0,0,1996-05-01,1600000.0
9488,2020-02-21,2020,AMZN,Consumer Discretionary,104.798,2016-04-07,0.0,0,0,0,1996-05-01,1600000.0
9519,2020-02-28,2020,AMZN,Consumer Discretionary,94.188,2016-04-07,0.0,0,0,0,1996-05-01,1600000.0
9550,2020-03-06,2020,AMZN,Consumer Discretionary,95.054,2016-04-07,0.0,0,0,0,1996-05-01,1600000.0
9581,2020-03-13,2020,AMZN,Consumer Discretionary,89.25,2016-04-07,0.0,0,0,0,1996-05-01,1600000.0
9612,2020-03-20,2020,AMZN,Consumer Discretionary,92.304,2016-04-07,0.0,0,0,0,1996-05-01,1600000.0
9643,2020-03-27,2020,AMZN,Consumer Discretionary,95.005,2016-04-07,0.0,0,0,0,1996-05-01,1600000.0
9674,2020-04-03,2020,AMZN,Consumer Discretionary,95.33,2016-04-07,0.0,0,0,0,1996-05-01,1600000.0
9705,2020-04-10,2020,AMZN,Consumer Discretionary,102.138,2016-04-07,0.0,0,0,0,1996-05-01,1600000.0
9736,2020-04-17,2020,AMZN,Consumer Discretionary,118.75,2016-04-07,0.0,0,0,0,1996-05-01,1600000.0
9767,2020-04-24,2020,AMZN,Consumer Discretionary,120.511,2016-04-07,0.0,0,0,0,1996-05-01,1600000.0
9798,2020-05-01,2020,AMZN,Consumer Discretionary,114.302,2016-04-07,0.0,0,0,0,1996-05-01,1600000.0
9829,2020-05-08,2020,AMZN,Consumer Discretionary,118.981,2016-04-07,0.0,0,0,0,1996-05-01,1600000.0
9860,2020-05-15,2020,AMZN,Consumer Discretionary,120.489,2016-04-07,0.0,0,0,0,1996-05-01,1600000.0
9891,2020-05-22,2020,AMZN,Consumer Discretionary,121.844,2016-04-07,0.0,0,0,0,1996-05-01,1600000.0
9922,2020-05-29,2020,AMZN,Consumer Discretionary,122.119,2016-04-07,0.0,0,0,0,1996-05-01,1600000.0
9953,2020-06-05,2020,AMZN,Consumer Discretionary,124.15,2016-04-07,0.0,0,0,0,1996-05-01,1600000.0
9984,2020-06-12,2020,AMZN,Consumer Discretionary,127.251,2016-04-07,0.0,0,0,0,1996-05-01,1600000.0
10015,2020-06-19,2020,AMZN,Consumer Discretionary,133.751,2016-04-07,0.0,0,0,0,1996-05-01,1600000.0
10046,2020-06-26,2020,AMZN,Consumer Discretionary,134.644,2016-04-07,0.0,0,0,0,1996-05-01,1600000.0
10077,2020-07-03,2020,AMZN,Consumer Discretionary,144.515,2016-04-07,0.0,0,0,0,1996-05-01,1600000.0
10108,2020-07-10,2020,AMZN,Consumer Discretionary,160.0,2016-04-07,0.0,0,0,0,1996-05-01,1600000.0
10139,2020-07-17,2020,AMZN,Consumer Discretionary,148.099,2016-04-07,0.0,0,0,0,1996-05-01,1600000.0
10170,2020-07-24,2020,AMZN,Consumer Discretionary,150.445,2016-04-07,0.0,0,0,0,1996-05-01,1600000.0
10201,2020-07-31,2020,AMZN,Consumer Discretionary,158.234,2016-04-07,0.0,0,0,0,1996-05-01,1600000.0
10232,2020-08-07,2020,AMZN,Consumer Discretionary,158.373,2016-04-07,0.0,0,0,0,1996-05-01,1600000.0
10263,2020-08-14,2020,AMZN,Consumer Discretionary,157.401,2016-04-07,0.0,0,0,0,1996-05-01,1600000.0
10294,2020-08-21,2020,AMZN,Consumer Discretionary,164.236,2016-04-07,0.0,0,0,0,1996-05-01,1600000.0
10325,2020-08-28,2020,AMZN,Consumer Discretionary,170.09,2016-04-07,0.0,0,0,0,1996-05-01,1600000.0
10356,2020-09-04,2020,AMZN,Consumer Discretionary,164.731,2016-04-07,0.0,0,0,0,1996-05-01,1600000.0
10387,2020-09-11,2020,AMZN,Consumer Discretionary,155.811,2016-04-07,0.0,0,0,0,1996-05-01,1600000.0
10418,2020-09-18,2020,AMZN,Consumer Discretionary,147.746,2016-04-07,0.0,0,0,0,1996-05-01,1600000.0
10449,2020-09-25,2020,AMZN,Consumer Discretionary,154.757,2016-04-07,0.0,0,0,0,1996-05-01,1600000.0
10480,2020-10-02,2020,AMZN,Consumer Discretionary,156.25,2016-04-07,0.0,0,0,0,1996-05-01,1600000.0
10511,2020-10-09,2020,AMZN,Consumer Discretionary,164.333,2016-04-07,0.0,0,0,0,1996-05-01,1600000.0
10542,2020-10-16,2020,AMZN,Consumer Discretionary,163.636,2016-04-07,0.0,0,0,0,1996-05-01,1600000.0
10573,2020-10-23,2020,AMZN,Consumer Discretionary,160.22,2016-04-07,0.0,0,0,0,1996-05-01,1600000.0
10604,2020-10-30,2020,AMZN,Consumer Discretionary,151.808,2016-04-07,0.0,0,0,0,1996-05-01,1600000.0
10635,2020-11-06,2020,AMZN,Consumer Discretionary,165.569,2016-04-07,0.0,0,0,0,1996-05-01,1600000.0
10666,2020-11-13,2020,AMZN,Consumer Discretionary,156.441,2016-04-07,0.0,0,0,0,1996-05-01,1600000.0
10697,2020-11-20,2020,AMZN,Consumer Discretionary,154.97,2016-04-07,0.0,0,0,0,1996-05-01,1600000.0
10728,2020-11-27,2020,AMZN,Consumer Discretionary,159.767,2016-04-07,0.0,0,0,0,1996-05-01,1600000.0
10759,2020-12-04,2020,AMZN,Consumer Discretionary,158.129,2016-04-07,0.0,0,0,0,1996-05-01,1600000.0
10790,2020-12-11,2020,AMZN,Consumer Discretionary,155.821,2016-04-07,0.0,0,0,0,1996-05-01,1600000.0
10821,2020-12-18,2020,AMZN,Consumer Discretionary,160.083,2016-04-07,0.0,0,0,0,1996-05-01,1600000.0
10852,2020-12-25,2020,AMZN,Consumer Discretionary,158.635,2016-04-07,0.0,0,0,0,1996-05-01,1600000.0
10883,2021-01-01,2021,AMZN,Consumer Discretionary,162.847,2021-07-05,211933520.0,0,0,0,2021-07-05,214126169.0
10914,2021-01-08,2021,AMZN,Consumer Discretionary,159.135,2021-07-05,211933520.0,0,0,0,2021-07-05,214126169.0
10945,2021-01-15,2021,AMZN,Consumer Discretionary,155.213,2021-07-05,211933520.0,0,0,0,2021-07-05,214126169.0
10976,2021-01-22,2021,AMZN,Consumer Discretionary,164.612,2021-07-05,211933520.0,0,0,0,2021-07-05,214126169.0
11007,2021-01-29,2021,AMZN,Consumer Discretionary,160.31,2021-07-05,211933520.0,0,0,0,2021-07-05,214126169.0
11038,2021-02-05,2021,AMZN,Consumer Discretionary,167.608,2021-07-05,211933520.0,0,0,0,2021-07-05,214126169.0
11069,2021-02-12,2021,AMZN,Consumer Discretionary,163.886,2021-07-05,211933520.0,0,0,0,2021-07-05,214126169.0
11100,2021-02-19,2021,AMZN,Consumer Discretionary,162.495,2021-07-05,211933520.0,0,0,0,2021-07-05,214126169.0
11131,2021-02-26,2021,AMZN,Consumer Discretionary,154.647,2021-07-05,211933520.0,0,0,0,2021-07-05,214126169.0
11162,2021-03-05,2021,AMZN,Consumer Discretionary,150.023,2021-07-05,211933520.0,0,0,0,2021-07-05,214126169.0
11193,2021-03-12,2021,AMZN,Consumer Discretionary,154.474,2021-07-05,211933520.0,0,0,0,2021-07-05,214126169.0
11224,2021-03-19,2021,AMZN,Consumer Discretionary,153.748,2021-07-05,211933520.0,0,0,0,2021-07-05,214126169.0
11255,2021-03-26,2021,AMZN,Consumer Discretionary,152.602,2021-07-05,211933520.0,0,0,0,2021-07-05,214126169.0
11286,2021-04-02,2021,AMZN,Consumer Discretionary,158.05,2021-07-05,211933520.0,0,0,0,2021-07-05,214126169.0
11317,2021-04-09,2021,AMZN,Consumer Discretionary,168.61,2021-07-05,211933520.0,0,0,0,2021-07-05,214126169.0
11348,2021-04-16,2021,AMZN,Consumer Discretionary,169.972,2021-07-05,211933520.0,0,0,0,2021-07-05,214126169.0
11379,2021-04-23,2021,AMZN,Consumer Discretionary,167.044,2021-07-05,211933520.0,0,0,0,2021-07-05,214126169.0
11410,2021-04-30,2021,AMZN,Consumer Discretionary,173.371,2021-07-05,211933520.0,0,0,0,2021-07-05,214126169.0
11441,2021-05-07,2021,AMZN,Consumer Discretionary,164.581,2021-07-05,211933520.0,0,0,0,2021-07-05,214126169.0
11472,2021-05-14,2021,AMZN,Consumer Discretionary,161.145,2021-07-05,211933520.0,0,0,0,2021-07-05,214126169.0
11503,2021-05-21,2021,AMZN,Consumer Discretionary,160.154,2021-07-05,211933520.0,0,0,0,2021-07-05,214126169.0
11534,2021-05-28,2021,AMZN,Consumer Discretionary,161.154,2021-07-05,211933520.0,0,0,0,2021-07-05,214126169.0
11565,2021-06-04,2021,AMZN,Consumer Discretionary,160.311,2021-07-05,211933520.0,0,0,0,2021-07-05,214126169.0
11596,2021-06-11,2021,AMZN,Consumer Discretionary,167.342,2021-07-05,211933520.0,0,0,0,2021-07-05,214126169.0
11627,2021-06-18,2021,AMZN,Consumer Discretionary,174.345,2021-07-05,211933520.0,0,0,0,2021-07-05,214126169.0
11658,2021-06-25,2021,AMZN,Consumer Discretionary,170.073,2021-07-05,211933520.0,0,0,0,2021-07-05,214126169.0
11689,2021-07-02,2021,AMZN,Consumer Discretionary,175.549,2021-07-05,211933520.0,0,0,0,2021-07-05,214126169.0
11720,2021-07-09,2021,AMZN,Consumer Discretionary,185.967,2021-07-05,211933520.0,0,0,0,2021-07-05,214126169.0
11751,2021-07-16,2021,AMZN,Consumer Discretionary,178.682,2021-07-05,211933520.0,0,0,0,2021-07-05,214126169.0
11782,2021-07-23,2021,AMZN,Consumer Discretionary,182.832,2021-07-05,211933520.0,0,0,0,2021-07-05,214126169.0
11813,2021-07-30,2021,AMZN,Consumer Discretionary,166.38,2021-07-05,211933520.0,0,0,0,2021-07-05,214126169.0
11844,2021-08-06,2021,AMZN,Consumer Discretionary,167.247,2021-07-05,211933520.0,0,0,0,2021-07-05,214126169.0
11875,2021-08-13,2021,AMZN,Consumer Discretionary,164.699,2021-07-05,211933520.0,0,0,0,2021-07-05,214126169.0
11906,2021-08-20,2021,AMZN,Consumer Discretionary,159.998,2021-07-05,211933520.0,0,0,0,2021-07-05,214126169.0
11937,2021-08-27,2021,AMZN,Consumer Discretionary,167.482,2021-07-05,211933520.0,0,0,0,2021-07-05,214126169.0
11968,2021-09-03,2021,AMZN,Consumer Discretionary,173.903,2021-07-05,211933520.0,0,0,0,2021-07-05,214126169.0
11999,2021-09-10,2021,AMZN,Consumer Discretionary,173.458,2021-07-05,211933520.0,0,0,0,2021-07-05,214126169.0
12030,2021-09-17,2021,AMZN,Consumer Discretionary,173.126,2021-07-05,211933520.0,0,0,0,2021-07-05,214126169.0
12061,2021-09-24,2021,AMZN,Consumer Discretionary,171.276,2021-07-05,211933520.0,0,0,0,2021-07-05,214126169.0
12092,2021-10-01,2021,AMZN,Consumer Discretionary,164.163,2021-07-05,211933520.0,0,0,0,2021-07-05,214126169.0
12123,2021-10-08,2021,AMZN,Consumer Discretionary,164.431,2021-07-05,211933520.0,0,0,0,2021-07-05,214126169.0
12154,2021-10-15,2021,AMZN,Consumer Discretionary,170.451,2021-07-05,211933520.0,0,0,0,2021-07-05,214126169.0
12185,2021-10-22,2021,AMZN,Consumer Discretionary,166.778,2021-07-05,211933520.0,0,0,0,2021-07-05,214126169.0
12216,2021-10-29,2021,AMZN,Consumer Discretionary,168.622,2021-07-05,211933520.0,0,0,0,2021-07-05,214126169.0
12247,2021-11-05,2021,AMZN,Consumer Discretionary,175.95,2021-07-05,211933520.0,0,0,0,2021-07-05,214126169.0
12278,2021-11-12,2021,AMZN,Consumer Discretionary,176.258,2021-07-05,211933520.0,0,0,0,2021-07-05,214126169.0
12309,2021-11-19,2021,AMZN,Consumer Discretionary,183.829,2021-07-05,211933520.0,0,0,0,2021-07-05,214126169.0
12340,2021-11-26,2021,AMZN,Consumer Discretionary,175.228,2021-07-05,211933520.0,0,0,0,2021-07-05,214126169.0
12371,2021-12-03,2021,AMZN,Consumer Discretionary,169.49,2021-07-05,211933520.0,0,0,0,2021-07-05,214126169.0
12402,2021-12-10,2021,AMZN,Consumer Discretionary,172.212,2021-07-05,211933520.0,0,0,0,2021-07-05,214126169.0
12433,2021-12-17,2021,AMZN,Consumer Discretionary,170.017,2021-07-05,211933520.0,0,0,0,2021-07-05,214126169.0
12464,2021-12-24,2021,AMZN,Consumer Discretionary,171.069,2021-07-05,211933520.0,0,0,0,2021-07-05,214126169.0
12495,2021-12-31,2021,AMZN,Consumer Discretionary,166.717,2021-07-05,211933520.0,0,0,0,2021-07-05,214126169.0
12526,2022-01-07,2022,AMZN,Consumer Discretionary,162.554,2022-07-31,0.0,0,0,0,2021-07-05,981223.0
12557,2022-01-14,2022,AMZN,Consumer Discretionary,162.138,2022-07-31,0.0,0,0,0,2021-07-05,981223.0
12588,2022-01-21,2022,AMZN,Consumer Discretionary,142.643,2022-07-31,0.0,0,0,0,2021-07-05,981223.0
12619,2022-01-28,2022,AMZN,Consumer Discretionary,143.978,2022-07-31,0.0,0,0,0,2021-07-05,981223.0
12650,2022-02-04,2022,AMZN,Consumer Discretionary,157.64,2022-07-31,0.0,0,0,0,2021-07-05,981223.0
12681,2022-02-11,2022,AMZN,Consumer Discretionary,153.294,2022-07-31,0.0,0,0,0,2021-07-05,981223.0
12712,2022-02-18,2022,AMZN,Consumer Discretionary,152.602,2022-07-31,0.0,0,0,0,2021-07-05,981223.0
12743,2022-02-25,2022,AMZN,Consumer Discretionary,153.789,2022-07-31,0.0,0,0,0,2021-07-05,981223.0
12774,2022-03-04,2022,AMZN,Consumer Discretionary,145.641,2022-07-31,0.0,0,0,0,2021-07-05,981223.0
12805,2022-03-11,2022,AMZN,Consumer Discretionary,145.525,2022-07-31,0.0,0,0,0,2021-07-05,981223.0
12836,2022-03-18,2022,AMZN,Consumer Discretionary,161.251,2022-07-31,0.0,0,0,0,2021-07-05,981223.0
12867,2022-03-25,2022,AMZN,Consumer Discretionary,164.773,2022-07-31,0.0,0,0,0,2021-07-05,981223.0
12898,2022-04-01,2022,AMZN,Consumer Discretionary,163.56,2022-07-31,0.0,0,0,0,2021-07-05,981223.0
12929,2022-04-08,2022,AMZN,Consumer Discretionary,154.461,2022-07-31,0.0,0,0,0,2021-07-05,981223.0
12960,2022-04-15,2022,AMZN,Consumer Discretionary,151.707,2022-07-31,0.0,0,0,0,2021-07-05,981223.0
12991,2022-04-22,2022,AMZN,Consumer Discretionary,144.35,2022-07-31,0.0,0,0,0,2021-07-05,981223.0
13022,2022-04-29,2022,AMZN,Consumer Discretionary,124.282,2022-07-31,0.0,0,0,0,2021-07-05,981223.0
13053,2022-05-06,2022,AMZN,Consumer Discretionary,114.773,2022-07-31,0.0,0,0,0,2021-07-05,981223.0
13084,2022-05-13,2022,AMZN,Consumer Discretionary,113.055,2022-07-31,0.0,0,0,0,2021-07-05,981223.0
13115,2022-05-20,2022,AMZN,Consumer Discretionary,107.591,2022-07-31,0.0,0,0,0,2021-07-05,981223.0
13146,2022-05-27,2022,AMZN,Consumer Discretionary,115.146,2022-07-31,0.0,0,0,0,2021-07-05,981223.0
13177,2022-06-03,2022,AMZN,Consumer Discretionary,122.35,2022-07-31,0.0,0,0,0,2021-07-05,981223.0
13208,2022-06-10,2022,AMZN,Consumer Discretionary,109.65,2022-07-31,0.0,0,0,0,2021-07-05,981223.0
13239,2022-06-17,2022,AMZN,Consumer Discretionary,106.22,2022-07-31,0.0,0,0,0,2021-07-05,981223.0
13270,2022-06-24,2022,AMZN,Consumer Discretionary,116.46,2022-07-31,0.0,0,0,0,2021-07-05,981223.0
13301,2022-07-01,2022,AMZN,Consumer Discretionary,109.56,2022-07-31,0.0,0,0,0,2021-07-05,981223.0
13332,2022-07-08,2022,AMZN,Consumer Discretionary,115.54,2022-07-31,0.0,0,0,0,2021-07-05,981223.0
13363,2022-07-15,2022,AMZN,Consumer Discretionary,113.55,2022-07-31,0.0,0,0,0,2021-07-05,981223.0
13394,2022-07-22,2022,AMZN,Consumer Discretionary,122.42,2022-07-31,0.0,0,0,0,2021-07-05,981223.0
13425,2022-07-29,2022,AMZN,Consumer Discretionary,134.95,2022-07-31,0.0,0,0,0,2021-07-05,981223.0
13456,2022-08-05,2022,AMZN,Consumer Discretionary,140.8,2022-07-31,0.0,0,0,0,2021-07-05,981223.0
13487,2022-08-12,2022,AMZN,Consumer Discretionary,143.55,2022-07-31,0.0,0,0,0,2021-07-05,981223.0
13518,2022-08-19,2022,AMZN,Consumer Discretionary,138.23,2022-07-31,0.0,0,0,0,2021-07-05,981223.0
13549,2022-08-26,2022,AMZN,Consumer Discretionary,130.75,2022-07-31,0.0,0,0,0,2021-07-05,981223.0
13580,2022-09-02,2022,AMZN,Consumer Discretionary,127.51,2022-07-31,0.0,0,0,0,2021-07-05,981223.0
13611,2022-09-09,2022,AMZN,Consumer Discretionary,133.27,2022-07-31,0.0,0,0,0,2021-07-05,981223.0
13642,2022-09-16,2022,AMZN,Consumer Discretionary,123.53,2022-07-31,0.0,0,0,0,2021-07-05,981223.0
13673,2022-09-23,2022,AMZN,Consumer Discretionary,113.78,2022-07-31,0.0,0,0,0,2021-07-05,981223.0
13704,2022-09-30,2022,AMZN,Consumer Discretionary,113.0,2022-07-31,0.0,0,0,0,2021-07-05,981223.0
13735,2022-10-07,2022,AMZN,Consumer Discretionary,114.56,2022-07-31,0.0,0,0,0,2021-07-05,981223.0
13766,2022-10-14,2022,AMZN,Consumer Discretionary,106.9,2022-07-31,0.0,0,0,0,2021-07-05,981223.0
13797,2022-10-21,2022,AMZN,Consumer Discretionary,119.32,2022-07-31,0.0,0,0,0,2021-07-05,981223.0
13828,2022-10-28,2022,AMZN,Consumer Discretionary,103.41,2022-07-31,0.0,0,0,0,2021-07-05,981223.0
13859,2022-11-04,2022,AMZN,Consumer Discretionary,90.98,2022-07-31,0.0,0,0,0,2021-07-05,981223.0
13890,2022-11-11,2022,AMZN,Consumer Discretionary,100.79,2022-07-31,0.0,0,0,0,2021-07-05,981223.0
13921,2022-11-18,2022,AMZN,Consumer Discretionary,94.14,2022-07-31,0.0,0,0,0,2021-07-05,981223.0
13952,2022-11-25,2022,AMZN,Consumer Discretionary,93.41,2022-07-31,0.0,0,0,0,2021-07-05,981223.0
13983,2022-12-02,2022,AMZN,Consumer Discretionary,94.13,2022-07-31,0.0,0,0,0,2021-07-05,981223.0
14014,2022-12-09,2022,AMZN,Consumer Discretionary,89.09,2022-07-31,0.0,0,0,0,2021-07-05,981223.0
14045,2022-12-16,2022,AMZN,Consumer Discretionary,87.86,2022-07-31,0.0,0,0,0,2021-07-05,981223.0
14076,2022-12-23,2022,AMZN,Consumer Discretionary,85.25,2022-07-31,0.0,0,0,0,2021-07-05,981223.0
14107,2022-12-30,2022,AMZN,Consumer Discretionary,84.0,2022-07-31,0.0,0,0,0,2021-07-05,981223.0
14138,2023-01-06,2023,AMZN,Consumer Discretionary,86.08,2023-05-31,0.0,0,0,0,2021-07-05,992764.0
14169,2023-01-13,2023,AMZN,Consumer Discretionary,98.12,2023-05-31,0.0,0,0,0,2021-07-05,992764.0
14200,2023-01-20,2023,AMZN,Consumer Discretionary,97.25,2023-05-31,0.0,0,0,0,2021-07-05,992764.0
14231,2023-01-27,2023,AMZN,Consumer Discretionary,102.24,2023-05-31,0.0,0,0,0,2021-07-05,992764.0
14262,2023-02-03,2023,AMZN,Consumer Discretionary,103.39,2023-05-31,0.0,0,0,0,2021-07-05,992764.0
14293,2023-02-10,2023,AMZN,Consumer Discretionary,97.61,2023-05-31,0.0,0,0,0,2021-07-05,992764.0
14324,2023-02-17,2023,AMZN,Consumer Discretionary,97.2,2023-05-31,0.0,0,0,0,2021-07-05,992764.0
14355,2023-02-24,2023,AMZN,Consumer Discretionary,93.5,2023-05-31,0.0,0,0,0,2021-07-05,992764.0
14386,2023-03-03,2023,AMZN,Consumer Discretionary,94.9,2023-05-31,0.0,0,0,0,2021-07-05,992764.0
14417,2023-03-10,2023,AMZN,Consumer Discretionary,90.73,2023-05-31,0.0,0,0,0,2021-07-05,992764.0
14448,2023-03-17,2023,AMZN,Consumer Discretionary,98.95,2023-05-31,0.0,0,0,0,2021-07-05,992764.0
14479,2023-03-24,2023,AMZN,Consumer Discretionary,98.13,2023-05-31,0.0,0,0,0,2021-07-05,992764.0
14510,2023-03-31,2023,AMZN,Consumer Discretionary,103.29,2023-05-31,0.0,0,0,0,2021-07-05,992764.0
14541,2023-04-07,2023,AMZN,Consumer Discretionary,102.06,2023-05-31,0.0,0,0,0,2021-07-05,992764.0
14572,2023-04-14,2023,AMZN,Consumer Discretionary,102.51,2023-05-31,0.0,0,0,0,2021-07-05,992764.0
14603,2023-04-21,2023,AMZN,Consumer Discretionary,106.96,2023-05-31,0.0,0,0,0,2021-07-05,992764.0
14634,2023-04-28,2023,AMZN,Consumer Discretionary,105.45,2023-05-31,0.0,0,0,0,2021-07-05,992764.0
14665,2023-05-05,2023,AMZN,Consumer Discretionary,105.655,2023-05-31,0.0,0,0,0,2021-07-05,992764.0
14696,2023-05-12,2023,AMZN,Consumer Discretionary,110.26,2023-05-31,0.0,0,0,0,2021-07-05,992764.0
14727,2023-05-19,2023,AMZN,Consumer Discretionary,116.25,2023-05-31,0.0,0,0,0,2021-07-05,992764.0
14758,2023-05-26,2023,AMZN,Consumer Discretionary,120.11,2023-05-31,0.0,0,0,0,2021-07-05,992764.0
14789,2023-06-02,2023,AMZN,Consumer Discretionary,124.25,2023-05-31,0.0,0,0,0,2021-07-05,992764.0
14820,2023-06-09,2023,AMZN,Consumer Discretionary,123.43,2023-05-31,0.0,0,0,0,2021-07-05,992764.0
14851,2023-06-16,2023,AMZN,Consumer Discretionary,125.49,2023-05-31,0.0,0,0,0,2021-07-05,992764.0
14882,2023-06-23,2023,AMZN,Consumer Discretionary,129.33,2023-05-31,0.0,0,0,0,2021-07-05,992764.0
14913,2023-06-30,2023,AMZN,Consumer Discretionary,130.36,2023-05-31,0.0,0,0,0,2021-07-05,992764.0
14944,2023-07-07,2023,AMZN,Consumer Discretionary,129.78,2023-05-31,0.0,0,0,0,2021-07-05,992764.0
14975,2023-07-14,2023,AMZN,Consumer Discretionary,134.68,2023-05-31,0.0,0,0,0,2021-07-05,992764.0
15006,2023-07-21,2023,AMZN,Consumer Discretionary,130.0,2023-05-31,0.0,0,0,0,2021-07-05,992764.0
15037,2023-07-28,2023,AMZN,Consumer Discretionary,132.21,2023-05-31,0.0,0,0,0,2021-07-05,992764.0
15068,2023-08-04,2023,AMZN,Consumer Discretionary,139.57,2023-05-31,0.0,0,0,0,2021-07-05,992764.0
15099,2023-08-11,2023,AMZN,Consumer Discretionary,138.41,2023-05-31,0.0,0,0,0,2021-07-05,992764.0
15130,2023-08-18,2023,AMZN,Consumer Discretionary,133.22,2023-05-31,0.0,0,0,0,2021-07-05,992764.0
15161,2023-08-25,2023,AMZN,Consumer Discretionary,133.26,2023-05-31,0.0,0,0,0,2021-07-05,992764.0
15192,2023-09-01,2023,AMZN,Consumer Discretionary,138.12,2023-05-31,0.0,0,0,0,2021-07-05,992764.0
15223,2023-09-08,2023,AMZN,Consumer Discretionary,138.23,2023-05-31,0.0,0,0,0,2021-07-05,992764.0
15254,2023-09-15,2023,AMZN,Consumer Discretionary,140.39,2023-05-31,0.0,0,0,0,2021-07-05,992764.0
15285,2023-09-22,2023,AMZN,Consumer Discretionary,129.12,2023-05-31,0.0,0,0,0,2021-07-05,992764.0
15316,2023-09-29,2023,AMZN,Consumer Discretionary,127.12,2023-05-31,0.0,0,0,0,2021-07-05,992764.0
15347,2023-10-06,2023,AMZN,Consumer Discretionary,127.96,2023-05-31,0.0,0,0,0,2021-07-05,992764.0
15378,2023-10-13,2023,AMZN,Consumer Discretionary,129.79,2023-05-31,0.0,0,0,0,2021-07-05,992764.0
15409,2023-10-20,2023,AMZN,Consumer Discretionary,125.17,2023-05-31,0.0,0,0,0,2021-07-05,992764.0
15440,2023-10-27,2023,AMZN,Consumer Discretionary,127.74,2023-05-31,0.0,0,0,0,2021-07-05,992764.0
15471,2023-11-03,2023,AMZN,Consumer Discretionary,138.6,2023-05-31,0.0,0,0,0,2021-07-05,992764.0
15502,2023-11-10,2023,AMZN,Consumer Discretionary,143.56,2023-05-31,0.0,0,0,0,2021-07-05,992764.0
15533,2023-11-17,2023,AMZN,Consumer Discretionary,145.18,2023-05-31,0.0,0,0,0,2021-07-05,992764.0
15564,2023-11-24,2023,AMZN,Consumer Discretionary,146.74,2023-05-31,0.0,0,0,0,2021-07-05,992764.0
15595,2023-12-01,2023,AMZN,Consumer Discretionary,147.03,2023-05-31,0.0,0,0,0,2021-07-05,992764.0
15626,2023-12-08,2023,AMZN,Consumer Discretionary,147.42,2023-05-31,0.0,0,0,0,2021-07-05,992764.0
15657,2023-12-15,2023,AMZN,Consumer Discretionary,149.97,2023-05-31,0.0,0,0,0,2021-07-05,992764.0
15688,2023-12-22,2023,AMZN,Consumer Discretionary,153.42,2023-05-31,0.0,0,0,0,2021-07-05,992764.0
15719,2023-12-29,2023,AMZN,Consumer Discretionary,151.94,2023-05-31,0.0,0,0,0,2021-07-05,992764.0
