Dates,XLC US Equity,XLY US Equity,XLP US Equity,XLE US Equity,XLF US Equity,XLV US Equity,XLI US Equity,XLB US Equity,XLRE US Equity,XLK US Equity,XLU US Equity
1/2/2015,#N/A N/A,9659.521,9852.376,11979.13,21214.51,11894.61,9254.981,2898.275,#N/A N/A,13313.95,7558.331
1/9/2015,#N/A N/A,9673.153,9967.955,11593.28,20447.61,13003.95,8735.633,2856.762,#N/A N/A,13552.93,7662.483
1/16/2015,#N/A N/A,9649.504,10010.28,11741.45,19119.57,12913.95,8525.62,2867.363,#N/A N/A,13101.53,7938.382
1/23/2015,#N/A N/A,8901.928,10094.94,11539.17,18779.37,13305.86,8768.707,2881.683,#N/A N/A,13405.18,8266.527
1/30/2015,#N/A N/A,8640.476,9804.34,11916.05,17767.06,12951.07,8154.177,2779.087,#N/A N/A,12600.66,8309.783
2/6/2015,#N/A N/A,8315.379,10067.79,12785.09,18880.98,12732.41,8532.621,2861.614,#N/A N/A,12829.61,8079.277
2/13/2015,#N/A N/A,8657.509,10163.44,13542.67,18786.55,12903.92,8471.222,3010.475,#N/A N/A,13153.52,7824.528
2/20/2015,#N/A N/A,8668.282,10226.13,13359.49,18604.83,13260.55,8434.712,3033.958,#N/A N/A,13249.51,7848.354
2/27/2015,#N/A N/A,9063.449,10273.15,12684.61,18531.45,13174.05,8144.953,3072.614,#N/A N/A,13263.36,7255.978
3/6/2015,#N/A N/A,10734.84,9755.511,12371.1,18694.54,13065.53,8092.186,3051.518,#N/A N/A,13088.17,6192.794
3/13/2015,#N/A N/A,10811.99,9686.03,11673.92,18580.36,13221.3,7793.774,2911.852,#N/A N/A,12515.71,6520.87
3/20/2015,#N/A N/A,11170.27,9089.234,12822.74,18359.41,14292.04,8181.069,2898.367,#N/A N/A,13251.46,6831.292
3/27/2015,#N/A N/A,10918.36,8932.05,12363.35,17674.58,14232.94,7709.007,2951.794,#N/A N/A,12779.44,6578.665
4/3/2015,#N/A N/A,11149.36,8016.64,12903.39,18037.54,13848.36,7675.725,2976.103,#N/A N/A,12752.55,6534.327
4/10/2015,#N/A N/A,11355.06,8145.411,13709.87,17965.36,14416.89,8079.827,2988.163,#N/A N/A,13070.3,6465.607
4/17/2015,#N/A N/A,10776.92,8034.654,14332.12,17342.11,13995.83,7832.981,2879.151,#N/A N/A,12557.37,6426.428
4/24/2015,#N/A N/A,11097.44,7994.457,14664.09,17320.02,14172.41,7601.848,2855.974,#N/A N/A,13098.84,6511.713
5/1/2015,#N/A N/A,10849.56,7798.471,14914.45,17454.09,13319.7,7831.334,2932.73,#N/A N/A,13283.68,6262.443
5/8/2015,#N/A N/A,10739.55,7737.981,14628.83,17838.22,13699.53,7724.641,2904.629,#N/A N/A,13182.5,6288.541
5/15/2015,#N/A N/A,10768.78,7834.232,14054.65,17570.22,14155.07,7956.908,2983.665,#N/A N/A,13205.48,6298.936
5/22/2015,#N/A N/A,10533.32,7728.409,13744.19,17971.17,14472.26,7993.084,2955.963,#N/A N/A,13483.56,6387.951
5/29/2015,#N/A N/A,10239.69,7407.396,13359.54,18080.88,14442.06,7641.84,2896.107,#N/A N/A,13542.54,6377.918
6/5/2015,#N/A N/A,10307.47,7120.511,13248.48,18665.51,14266.96,7671.03,2781.756,#N/A N/A,13426.43,6069.401
6/12/2015,#N/A N/A,10247.97,7065.877,13017.94,19745.17,14375.48,7583.946,2694.435,#N/A N/A,13434.91,5903.446
6/19/2015,#N/A N/A,10390.15,7365.762,13187.39,18965.56,14912.22,7548.723,2720.077,#N/A N/A,13430.13,6145.671
6/26/2015,#N/A N/A,10621.9,7313.996,12984.88,19292.12,15377.72,7397.333,2626.264,#N/A N/A,13386.11,5368.928
7/3/2015,#N/A N/A,10426.09,7363.844,12645.8,20465.86,15294.68,7048.599,2504.28,#N/A N/A,13108.7,5778.078
7/10/2015,#N/A N/A,10738.11,7862.505,12642.04,21242.02,15527.63,6656.193,2472.005,#N/A N/A,12606.3,6124.256
7/17/2015,#N/A N/A,11196,8017.309,12269.45,20487.06,16303.4,7311.28,2529.507,#N/A N/A,13253.8,6044.03
7/24/2015,#N/A N/A,11263.96,8034.349,11755.81,20524.17,15831.9,6558.331,2216.764,#N/A N/A,12911.58,6009.759
7/31/2015,#N/A N/A,11596.04,8229.308,11713.01,20436.36,16356.94,7047.299,2514.568,#N/A N/A,12929.67,6313.621
8/7/2015,#N/A N/A,11315.61,8219.819,11202.32,20287.13,15871.05,7002.572,2411.311,#N/A N/A,12764.72,6575.224
8/14/2015,#N/A N/A,11166.54,8094.419,11740.93,20283.2,15680.17,7024.591,2424.257,#N/A N/A,12514.15,7166.976
8/21/2015,#N/A N/A,10302.8,7732.455,10996.55,18401.26,14706.75,6400.389,2264.193,#N/A N/A,11437.03,6911.751
8/28/2015,#N/A N/A,10306.61,7397.158,11915.48,18258.78,14375.44,6234.633,2220.286,#N/A N/A,11382.45,6721.648
9/4/2015,#N/A N/A,9855.504,7411.66,11100.99,17448.31,13750.77,5762.493,2105.612,#N/A N/A,11131.96,6163.415
9/11/2015,#N/A N/A,10059.49,7181.431,11154.64,17738.71,14543.78,6218.596,2147.949,#N/A N/A,11424.12,6017.437
9/18/2015,#N/A N/A,10353.34,6621.795,11170.21,16887.25,14743.25,6361.365,2180.859,#N/A N/A,11525.5,6073.688
9/25/2015,#N/A N/A,10200.51,7317.712,11143.9,17215.73,12885.44,6110.492,2071.265,#N/A N/A,11580.97,6487.439
10/2/2015,#N/A N/A,10331.29,7557.38,11574.34,16817.18,13460.98,6302.561,2066.925,#N/A N/A,11417.03,6685.61
10/9/2015,#N/A N/A,10807.2,7847.917,11962.74,17153.33,13114.13,7503.947,2210.767,3.016,11745.31,6615.53
10/16/2015,#N/A N/A,11035.21,8033.708,12795.37,17196.09,13569.37,6948.476,2117.378,3.0642,11940.72,6838.981
10/23/2015,#N/A N/A,11554.55,8365.605,12575.13,17885.21,13669.45,7347.725,2200.307,4.6605,12776.71,6986.094
10/30/2015,#N/A N/A,11554.66,8246.262,12400.1,18359.68,14122.82,6994.101,2213.015,4.6425,13005.78,6753.862
11/6/2015,#N/A N/A,11761.36,7860.046,12338.83,19139.66,13974.39,6960.417,2247.189,4.4925,13506.23,5970.939
11/13/2015,#N/A N/A,11259.42,7589.282,11785.61,18336.95,13355,6407.735,2067.885,2.956,13039.62,5784.334
11/20/2015,#N/A N/A,11855.76,7831.794,11806.11,19362.13,13822.31,6964.217,2088.643,4.614,13660.28,5871.708
11/27/2015,#N/A N/A,11841.91,7909.767,12251.05,19306.24,13889.22,7177.556,2234.194,4.5675,13658.47,5729.526
12/4/2015,#N/A N/A,11870.55,7786.523,11453.45,20453.29,13646.46,6919.626,2216.497,4.593,14213.64,5583.701
12/11/2015,#N/A N/A,11478.96,7675.437,11525.13,18832.58,13280.72,6117.28,2180.479,4.5207,13852.48,5673.996
12/18/2015,#N/A N/A,11491.47,7991.698,11768.23,18918.32,13750.13,5951.445,2120.855,4.5525,13621.16,5831.267
12/25/2015,#N/A N/A,11489.71,8236.972,11989.16,19461.19,13987.56,6186.712,2228.614,4.6515,13840.26,5830.37
1/1/2016,#N/A N/A,11349.18,8122.427,11600.98,19256.9,13848.85,5927.896,2104.741,4.6776,13650.18,5711.835
1/8/2016,#N/A N/A,10563.26,8184.967,11023.58,17084.29,12897.61,5736.495,1937.862,6.022,11898.95,5820.885
1/15/2016,#N/A N/A,10085.29,8248.288,11056.09,16742.84,12856.76,5379.19,1831.181,5.85,11483.58,6121.852
1/22/2016,#N/A N/A,10333.26,8552.899,11271.97,16345.06,13421.75,5500.017,1930.275,5.896,11758.9,6459.361
1/29/2016,#N/A N/A,10127.35,8993.251,11518.25,16705.83,13015.82,5677.664,1890.968,5.838,12017.58,6966.247
2/5/2016,#N/A N/A,9443.746,8641.675,10839.72,15823.43,11947.17,5660.825,1917.767,7.2745,11467.09,7221.796
2/12/2016,#N/A N/A,9320.664,9254.037,11264.63,14781.38,11677.68,5507.211,1836.202,6.8725,11139.17,7621.003
2/19/2016,#N/A N/A,9943.776,9434.48,11914.42,15467.4,11990.36,5869.776,1926.416,7.165,11720.49,7612.559
2/26/2016,#N/A N/A,10128.46,9396.575,11799.34,15503.8,12444.78,6187.841,2110.318,7.3425,11959.46,7600.69
3/4/2016,#N/A N/A,10572.25,9769.053,12781.73,16663.1,12401.08,6524.912,2174.043,7.6225,12306.3,7795.48
3/11/2016,#N/A N/A,10439.6,10050.57,12956.79,16549.15,12278.64,6637.517,2227.726,7.7225,12589.03,7888.125
3/18/2016,#N/A N/A,10425.25,10273.17,13651.87,16385.94,11296.96,6657.576,2310.697,7.8675,12778.67,8119.946
3/25/2016,#N/A N/A,10430.71,10106.76,12885.85,15962.69,11555.03,6511.105,2342.172,7.7975,12933.59,8027.305
4/1/2016,#N/A N/A,10747.12,10317.67,12650.04,16184.99,11873.89,6591.521,2448.57,11.2795,13785.75,8531.158
4/8/2016,#N/A N/A,10539.94,10357.37,12706.27,15486.71,12133.82,6561.151,2369.532,11.207,13720.28,8501.072
4/15/2016,#N/A N/A,10846.65,10324.43,12887.27,16270.34,12258.05,7038.535,2422.283,11.2385,13869.82,8542.257
4/22/2016,#N/A N/A,10790.91,9385.119,14059.9,16803.98,12811.91,7182.459,2578.799,11.011,13547.02,7908.453
4/29/2016,#N/A N/A,10446.72,9347.16,14163.12,16325.04,12762.29,6959.684,2626.955,10.983,12748.79,8140.564
5/6/2016,#N/A N/A,10393.85,9552.428,13786.59,16235.99,12121.37,6480.725,2576.836,11.3855,12529.49,7899.424
5/13/2016,#N/A N/A,10263.89,9517.821,13792.44,16015.89,11934.6,6662.481,2441.048,11.2074,12241.15,7982.609
5/20/2016,#N/A N/A,10105.12,9155.228,13895.19,16624.05,11991.21,6373.905,2664.525,12.5126,12174.03,7872.429
5/27/2016,#N/A N/A,10379.26,9676.316,14031.78,17165.7,12496.72,6822.118,2697.469,12.7621,12392.36,8290.064
6/3/2016,#N/A N/A,10296.4,9877.643,13638.97,16881.24,13034.97,6762.248,2703.466,12.8177,12589.07,8299.458
6/10/2016,#N/A N/A,10141.14,9925.927,13930.36,16342.74,12914.3,6952.925,2767.679,12.86,12647.56,8029.201
6/17/2016,#N/A N/A,9780.449,9740.737,13717.4,15685.57,12464.72,6569.229,2634.893,12.868,12439.56,8230.753
6/24/2016,#N/A N/A,9602.743,9731.743,14125.57,15401.79,12313.87,6255.114,2481.583,12.864,12088.11,8673.238
7/1/2016,#N/A N/A,9724.907,9928.064,14400.79,14709.25,12600.22,6654.357,2574.093,13.428,12337.05,8875.628
7/8/2016,#N/A N/A,10158.36,10468.16,14017.59,14496.79,13158.46,6889.119,2595.667,15.2676,12537.6,8709.766
7/15/2016,#N/A N/A,10288.75,9904.686,14325.35,15207.91,13383.66,7273.217,2781.631,56.3954,12362.27,8287.448
7/22/2016,#N/A N/A,10212.48,9755.346,14037.98,15526.86,13386.84,7177.015,2721.262,58.82,12395,8743.599
7/29/2016,#N/A N/A,10337.42,9510.799,13649.44,15221.02,13236.33,6899.563,2627.994,58.9526,12330.43,8619.293
8/5/2016,#N/A N/A,10367.79,9259.665,14047.86,15658.52,12819.97,7246.534,2637.189,113.699,12355.61,7917.634
8/12/2016,#N/A N/A,10032.95,9358.248,14212.24,15449.23,13282.05,7684.595,2773.207,115.192,12691.72,8450.622
8/19/2016,#N/A N/A,9926.944,9340.354,14868.76,15839.28,13121.94,7641.673,2788.707,113.016,12996.61,8127.352
8/26/2016,#N/A N/A,9968.004,8935.189,15022.44,15791.93,12781.04,7650.789,2703.248,114.195,12906.1,7771.794
9/2/2016,#N/A N/A,9932.307,9035.542,14757.15,16197.65,12696.68,7635.914,2751.794,120.924,13286.69,7731.063
9/9/2016,#N/A N/A,9662.812,8784.582,14798.98,15895.13,12468.84,7469.925,2648.291,3015,13035.86,7313.777
9/16/2016,#N/A N/A,9068.141,8883.079,13869.34,13773.88,12530.19,7035.264,2607.992,2798.507,12860.29,7584.759
9/23/2016,#N/A N/A,9349.514,9063.64,14503.64,12053.29,12853.83,7254.019,2849.198,3278.688,12729.98,8059.931
9/30/2016,#N/A N/A,9533.004,8892.562,14918.06,11969.76,12450.87,7334.046,2894.796,3203.268,13003.61,7410.913
10/7/2016,#N/A N/A,9421.521,8944.349,15302.88,12515.5,12732.85,7150.449,2812.725,2913.104,13162.45,7304.731
10/14/2016,#N/A N/A,9238.256,8786.22,15207.61,12439.38,12160.18,7138.069,2833.58,2892.211,13005.72,7323.608
10/21/2016,#N/A N/A,9284.412,8201.259,15180.27,12818.58,11942.37,7338.944,2883.554,2772.9,13149.46,7155.552
10/28/2016,#N/A N/A,9228.464,8159.742,15214.51,13113.34,11462.61,7441.615,2734.826,2656.11,13117.44,7100.553
11/4/2016,#N/A N/A,9165.629,7838.114,14856.81,12656.71,11196.23,6890.808,2736.394,2556.876,12431.93,7109.738
11/11/2016,#N/A N/A,9817.757,7205.589,15314.12,18568.91,13425.88,9378.867,3270.541,2494.229,12472.52,6371.657
11/18/2016,#N/A N/A,10353.24,7760.436,16055.75,20463.54,13766.8,9702.318,3460.872,2497.125,12740.12,6662.242
11/25/2016,#N/A N/A,10833.29,7671.322,16309.21,20680.96,13660.81,9884.727,3591.812,2516.022,13037.09,6631.828
12/2/2016,#N/A N/A,10795.12,7402.032,16999.43,21628.37,13635.14,10183.13,3727.208,2469.924,12590.24,6691.183
12/9/2016,#N/A N/A,11403.18,7794.135,17401.53,23048.07,13492.19,10513.58,3946.136,2528.7,13481.21,6715.551
12/16/2016,#N/A N/A,11229.55,7889.323,17832.49,22207.07,13447.38,10114.55,3800.357,2343.88,13989.35,6776.141
12/23/2016,#N/A N/A,10945.48,8086.063,18154.04,22576.55,13594.36,10385.54,3763.916,2326.311,14382.78,6830.872
12/30/2016,#N/A N/A,10781.67,8308.349,17709.54,22432.65,13509.83,10183.92,3649.173,2310.863,14109.32,6898.105
1/6/2017,#N/A N/A,11548.4,8494.101,17805.62,23491.63,14286.85,10817.52,3734.44,2376.98,14706.68,6913.059
1/13/2017,#N/A N/A,11666.49,7855.357,17648.44,23191.32,14404.92,10597.32,3666.404,2326.302,14617.72,6724.65
1/20/2017,#N/A N/A,11729.47,8595.357,17850.39,22138.23,13979.52,10650.05,3674.597,2357.67,15112.11,6642.959
1/27/2017,#N/A N/A,11925.67,8185.527,17716.77,22802.03,13459.31,10729.59,3954.096,2280.404,16160.99,6212.018
2/3/2017,#N/A N/A,11719.02,7445.016,17724.19,22935.94,14638.6,10540.31,3954.122,2260.983,15714.2,6497.539
2/10/2017,#N/A N/A,12109.62,7936.939,17717.2,23509.98,15368.34,10966.95,3874.885,2289.696,16094.26,6761.307
2/17/2017,#N/A N/A,12220.93,8216.489,17281.72,24973.96,15801.17,11371.03,3853.15,2311.04,16518.45,6204.875
2/24/2017,#N/A N/A,12325.52,8738.22,17149.34,25002.29,15989.09,10932.86,3726.41,2381.94,16644.55,6865.288
3/3/2017,#N/A N/A,12276,8848.42,17495.3,25528,16309.5,11189.9,3792.77,2284.36,16680.3,6670.51
3/10/2017,#N/A N/A,12341.7,9004.63,16814.6,25341.5,16587.6,11322.9,3734.92,2213.38,16913.2,6623.48
3/17/2017,#N/A N/A,12265.6,8707.28,16764.2,24968.2,16168.1,10822.5,3746.17,2306.07,17098.5,7204.18
3/24/2017,#N/A N/A,12123,8649.26,16504.1,23506.9,16181.5,10423.3,3586.43,2313.63,16586.8,7491.58
3/31/2017,#N/A N/A,12168.2,8892.27,17308.9,23746.5,15832.4,10743.1,3607.05,2335.24,17030.2,7043.54
4/7/2017,#N/A N/A,12112,8695.76,17176.6,22956.6,15932.3,10692.8,3648.36,2346.72,16886.7,7068.74
4/14/2017,#N/A N/A,12000.4,8959.31,16902.9,21962.1,15884.6,10523.4,3595.48,2374.78,16745.6,7267.46
4/21/2017,#N/A N/A,12134.7,9098.2,16478,22422.2,15683.9,10781.3,3631.75,2340.69,16895.1,7403.81
4/28/2017,#N/A N/A,12397.1,8863.11,16493.5,22785.2,16063.8,11233.1,3838.22,2281.96,17236.1,7394.35
5/5/2017,#N/A N/A,12601.6,9046.24,16092.1,23285.6,16160,11338,3830.44,2284.41,17500,7155.51
5/12/2017,#N/A N/A,12781.2,8775.56,16437.8,22475,16310.6,11140.1,3626.08,2242.24,17835.1,7142.58
5/19/2017,#N/A N/A,12432.8,8954.07,16643.8,21717.7,15933.8,10911.5,3436.06,2278.63,17782.1,7081.53
5/26/2017,#N/A N/A,12735.7,8789.81,16314.4,22268.8,16173.3,11255.9,3589.91,2302.4,17430.2,7148.88
6/2/2017,#N/A N/A,13006.1,9362.03,15675.2,21872.9,16503.3,11239.4,3738.47,2322.89,17649.2,7483.81
6/9/2017,#N/A N/A,12783.1,10230.2,16257.9,23863.6,16567.2,10555,3844.52,2286.39,16554.2,7576.82
6/16/2017,#N/A N/A,12725,10595.4,16520.2,24180.6,16522,10836.1,3696.25,2329.19,16166.5,7665.99
6/23/2017,#N/A N/A,12564.4,10214.1,15858.4,23023.9,17551.7,10723.5,3684.62,2301.92,16766.5,7990.77
6/30/2017,#N/A N/A,12297.5,9714.59,15936.2,24525.6,17529.1,10851.7,3660.36,2302.3,16320.6,6940.51
7/7/2017,#N/A N/A,12136,9638.56,15917.6,25498.3,17829.7,11014.8,3596.18,2270.44,16170.5,7142.91
7/14/2017,#N/A N/A,12284.2,9465.02,16148.8,25600.2,17782.1,11190.4,3650.57,2307.13,16830.9,7296.01
7/21/2017,#N/A N/A,12644.6,9199.56,15308.9,25452.1,18134.9,10869,3750.7,2463.82,17074.7,7696.36
7/28/2017,#N/A N/A,12918.3,9594.4,15858,25756.8,17908.3,10532,3651.78,2506.75,17146.2,7501.14
8/4/2017,#N/A N/A,12935.7,8452.27,15400.7,26255.7,17908.1,11890.5,3649.97,2483.36,17268.9,7664.95
8/11/2017,#N/A N/A,12679.5,8429.05,14682.2,25251.7,17776.6,11907.8,3453.4,2427.36,16993.3,7487.28
8/18/2017,#N/A N/A,12209.7,8358.48,14353.8,24696.2,17352.3,11655.6,3436.03,2454.19,16970.1,7819.34
8/25/2017,#N/A N/A,11597.5,8125.15,14482.1,25334.6,17022.8,11453.1,3558.29,2474.76,17091.1,7803.64
9/1/2017,#N/A N/A,11700.4,8752.42,14892,25142.7,17591.6,11561.1,3759.47,2450.89,17516.8,7991.16
9/8/2017,#N/A N/A,11610.2,9215,15328.8,23717.9,18077.5,10276.4,3714.48,2478.38,17302,8070.06
9/15/2017,#N/A N/A,11665.6,9598.44,15908.5,25041.1,18133.9,10434.6,3704.75,2447.35,17651.7,7608.84
9/22/2017,#N/A N/A,11783.8,8827.88,16253.9,26594.6,18466.9,10918.6,3897.64,2372.93,17711.4,7900.62
9/29/2017,#N/A N/A,11517,8808.01,16621.8,27443.8,17704,11056.5,4051.19,2353.52,17824.9,7775.76
10/6/2017,#N/A N/A,11566.2,7924.7,16532.4,28496.1,17743.9,12559,4288.87,2392.74,17922.4,7671.17
10/13/2017,#N/A N/A,11598.9,8104.84,16481.3,28171.9,17466.1,13055.5,4450.57,2436.88,18235.1,7641.87
10/20/2017,#N/A N/A,11539.1,7927.17,16469.8,29249.3,17909.7,13309.8,4533.18,2407.29,18654.2,7731.1
10/27/2017,#N/A N/A,11638.1,7740.48,16499.9,29361.5,17554.6,12874.8,4491.57,2372.4,19046.9,7584.47
11/3/2017,#N/A N/A,11563.7,7764.91,16951.9,29633.3,17347.5,12514.7,4551.9,2389.11,19456.9,7705.89
11/10/2017,#N/A N/A,11726.7,8010.2,17071.9,28654,17093.8,12185.1,4435.17,2446.15,19301.2,7839.35
11/17/2017,#N/A N/A,12249.4,8182.34,16350,29611.7,17293.2,12275.9,4330.9,2443.17,19290.4,8082.64
11/24/2017,#N/A N/A,12496.2,8161.92,16340.4,29505.2,17128,12337.9,4414.4,2417.51,19695.5,8151.45
12/1/2017,#N/A N/A,12796.3,8567.39,16721.4,31872.7,17440.1,13064.1,4511.4,2406.02,18850.1,7881.84
12/8/2017,#N/A N/A,12905.4,9525.33,16705.1,33442.4,17072.3,12527.5,4705.29,2372.14,18647.9,7733.76
12/15/2017,#N/A N/A,13040.1,9696.44,16841.5,32694.7,17233,12428.1,4710.08,2394.66,19510.4,7778.41
12/22/2017,#N/A N/A,12887.5,9598.05,17990.6,32664.1,16815.4,12503.3,4952.33,2352.07,19556,7441.3
12/29/2017,#N/A N/A,12918.8,9422.22,18142.6,32739.7,16537.3,12476.2,4928.58,2406.27,19319.7,7300.09
1/5/2018,#N/A N/A,13567.6,8290.25,19482.8,33302.1,17400.8,14567.4,5310.02,2376.69,20235.2,6933.36
1/12/2018,#N/A N/A,13790.8,8090.86,20421.4,33786.8,17352.3,15631.2,5443.54,2314.3,20394.1,7291.43
1/19/2018,#N/A N/A,13733.6,8351.78,20399.1,34148.1,17799.9,15744.8,5446.75,2304.55,21062.5,6882.33
1/26/2018,#N/A N/A,13712.6,8678.62,20379.3,35084.6,17975.3,15525.1,5468.4,2312.3,21573.9,7744
2/2/2018,#N/A N/A,13241.3,8209.15,18964.5,34493.5,17066.5,14504.3,5309.82,2348.86,21084.5,7191.41
2/9/2018,#N/A N/A,12906.6,7805.23,17645.8,32074.1,15986.1,12903.9,4923.27,2241.71,18932.3,7401.72
2/16/2018,#N/A N/A,13382,7471.07,17941.1,33154.4,16156.6,13234.1,5075.71,2336.28,19986.4,7098.2
2/23/2018,#N/A N/A,13514.5,7664.54,17848.4,33326.3,16000.7,13079.4,5171.27,2532.75,20272.3,7027.56
3/2/2018,#N/A N/A,13056.8,7863.33,17422,32705.9,15763.2,11928.8,4915.71,2482.86,20571.7,6630.11
3/9/2018,#N/A N/A,13870,8087.45,17617.3,34486,16230.6,13103.2,5290.3,2284.04,21978.4,6573.86
3/16/2018,#N/A N/A,13621.2,8558.44,17185.9,32845.3,16383.4,12676,5055.77,2313.24,22094.6,6749.79
3/23/2018,#N/A N/A,12913.5,8103.11,17061.4,30302.5,14963.2,12327.7,4695.81,2247.73,20001.1,7171.3
3/30/2018,#N/A N/A,12828.7,8769.31,17353,32081.7,15259.7,12709.2,4641.96,2357.42,20385.3,7100.69
4/6/2018,#N/A N/A,12650.8,7515.55,17361.1,31775.2,14807,13002.3,4575.83,2302.1,19545.2,7029.77
4/13/2018,#N/A N/A,13148.8,7513.63,18372,32638.8,15245.4,13057.5,4981.41,2319.51,20393.8,6795.05
4/20/2018,#N/A N/A,13202.4,7246.42,18414.7,32301.6,15298.7,13950.2,5146.2,2305.79,20389.8,6577.94
4/27/2018,#N/A N/A,13102.6,7606.45,18538,32392.3,15523,12543,4899.42,2347.46,19945.3,7201.87
5/4/2018,#N/A N/A,12893.6,7703.03,18534.4,31687.6,14759.4,11975.4,4801.66,2327.9,20235.7,7390.35
5/11/2018,#N/A N/A,13017.2,7466.76,19134.5,33102.2,15154.2,12740,4703.76,2404.16,21596.8,7039.3
5/18/2018,#N/A N/A,13166.8,7365.2,19560.6,32616.1,15239.4,12691.3,4891.98,2327.14,21267.5,6840.19
5/25/2018,#N/A N/A,13234.8,7468.12,18672.9,32628.9,15191.7,13039.6,4825.47,2365.76,21493.9,6998
6/1/2018,#N/A N/A,13525.6,7457.53,19028.1,32060.8,15335.3,12912.8,4845.14,2386.18,22141.4,7105.93
6/8/2018,#N/A N/A,14114.1,7356.21,19034.6,33020.5,15895.3,13069.4,4904.34,2412.52,22429.1,6698.49
6/15/2018,#N/A N/A,14423.3,7781.09,18844.7,31745.6,16042.2,12599.6,5090.41,2369.62,22122.5,6758.45
6/22/2018,25.245,14516.5,8207.71,19104.9,30312.9,15636.9,11924.4,4685.91,2479.79,22139.6,7146.83
6/29/2018,173.355,13788.6,8436.58,19385.5,29625.1,15061.6,11749.2,4472.77,2592.27,21598.6,7641.97
7/6/2018,205.619,13793.4,8499.94,19188,29547.6,15887.4,11861.4,4428.97,2615.81,22117.8,8186.81
7/13/2018,276.541,14181.1,8605.68,19265.1,29994.9,16651,12653.7,4664.36,2630.1,22640.2,7535.51
7/20/2018,284.872,13946.2,9045.5,19095,31283.2,16464,12600.9,4664.58,2603.25,22523.6,7646.06
7/27/2018,361.934,14039.1,9094.45,19239.8,31920.4,16867.7,13155.5,4692.04,2628.45,23014,7705.14
8/3/2018,364.38,14122.7,9358.07,18699,31947,17509.8,12851,4697.17,2736.86,22983.6,7775.09
8/10/2018,384.306,14569.4,9307.51,18715.2,31592,17506.1,12471.1,4572.56,2716.72,22785.8,7793.46
8/17/2018,427.768,14266.6,9516.91,17511.7,31302.4,17791.3,12675.9,4360.26,2769.57,22841.5,7762.24
8/24/2018,474.624,15096.9,9275.17,17872.8,31607.5,18016.4,12848.8,4347.46,2784.61,22875,7867.37
8/31/2018,499.177,15905.6,9149.15,18072.1,31706.8,18297.6,13101.3,4630.39,2841.71,23701,7519.17
9/7/2018,512.56,15805.9,9385.45,17302.7,31971.7,18312.4,13122.5,4324.63,2837.38,22887.5,7745.72
9/14/2018,655.413,15848.9,9515.74,17386.1,31390.2,18889.8,13534.9,4433.4,2834.15,23445.4,7701.05
9/21/2018,1172.48,16135.3,9687.47,18022.1,32895.7,19147.7,13446.1,4773.56,2801.17,22771.4,7251.93
9/28/2018,2035.95,16223.6,9258.26,18433.2,31056.3,19640.4,12930.2,4548.88,2731.09,22968.6,7638.15
10/5/2018,2599.02,15102.3,8914.96,18396.8,31862.5,19321.5,13096.5,4382.01,2632.08,21707.3,7227.94
10/12/2018,2856.39,14292.6,8910.98,17353.9,28811.2,18101.6,11367.7,3810.17,2463.26,20310.9,7287.2
10/19/2018,3760.96,13925.6,9200.05,16718.3,29300.9,18500.1,11542.4,3784.63,2526.51,20075.8,7616.56
10/26/2018,3724.1,13061,9050,15544.6,27617.9,17848.1,11075.1,3182.5,2442.85,19521.8,7774.63
11/2/2018,3660.32,13453.4,9507.68,15803.9,28731.7,17804.3,11520,4075.26,2536.04,19629.1,7524.67
11/9/2018,3243.95,13620.8,9743.03,16369.7,29388.5,18944.6,11494.9,4328.23,2672.78,19922.3,7724.28
11/16/2018,3278.48,13301.9,9792.1,16242.4,28768.3,18878.8,11534.7,4177.45,2732.01,19450.5,8573.58
11/23/2018,3019.46,12671.2,9545.61,14988.4,28064.3,18350.7,11120.3,3962.2,2683.76,18151,8282.84
11/30/2018,3166.45,13364.1,9874.86,15537.4,29344.6,20254,11463.2,4034.24,2806.16,18996.4,8125.82
12/7/2018,3064.04,12844.1,10277.6,14958.7,26705.6,18996.3,10672.3,3741.35,2742.27,18253.1,8317.92
12/14/2018,3133.38,12684.1,10446.1,14555.4,23973.2,19216.7,10548.7,3660.33,2815.64,18770.9,8794.27
12/21/2018,2695.14,11148.4,9678.31,12985.2,21633.3,17649.3,9245.74,3344.83,2590.51,16638.5,8392.97
12/28/2018,2774.11,11696.7,9622.05,13456.6,22640.4,17737.6,10182.5,3610.89,2544.82,17204.6,8567.66
1/4/2019,2863.57,11772.2,9481.65,13846.4,24172.6,17893.9,9914.27,3770.3,2549.88,17303.4,8106.75
1/11/2019,3046.06,11755.1,9534.61,13873.1,23457.4,18669.8,9995.62,3905.81,2639.12,17734.4,8536.72
1/18/2019,3878.66,11952.4,10040.1,14205.9,24582.9,18873.1,10010.9,4108.16,2781,18014.1,8692.33
1/25/2019,3924.8,12089.4,9612.56,13364.7,24265.7,18692.3,9906.22,3902.92,2888.94,17989.4,8441.84
2/1/2019,4089.03,11952,10190.1,13294.3,24100,19058.9,10223.2,4003.82,3036.68,17727.9,8538.39
2/8/2019,4095.12,12090,10234.7,12787.8,23215.8,18947.2,10008.8,3869.43,3152.78,18112.9,8690.21
2/15/2019,4112.33,12376.6,10001.6,13767.8,23743.3,19578.8,10473.7,4182.63,3083.5,18414.9,9380.12
2/22/2019,4245.35,12372.5,10092.5,13403.5,23776.8,20057,11025.8,4296.38,3055.47,18836.6,8872.65
3/1/2019,4523.87,12360.2,10339.3,13813.2,24064.9,19283.9,10630.6,4449.19,3050.96,19479.8,8773.69
3/8/2019,4635.47,12028.4,10337.7,13743.2,23248.2,18569.7,10370,4294.87,3024.12,19208.6,9376.29
3/15/2019,5082.86,12116.6,10995.9,13978.1,24436.9,19190.5,10083.1,4430.54,3058.43,19189.5,9483.47
3/22/2019,5354.58,12518.6,10874,13468.8,22980.7,19158.5,9901.21,4154.82,2974.98,18620,9432.93
3/29/2019,5287.35,12689,10808,13797.5,21853.4,19434.1,10251,4105.54,3080.51,19514.2,9358.05
4/5/2019,5392.51,13391.8,10977.5,14024,23574.1,19096,10814.2,4207.78,3099.44,20069.9,9573.38
4/12/2019,5681.42,13252.2,11215.9,14017,24721.7,18331.6,10620.3,4171.49,3104.82,20401.2,9224.78
4/19/2019,5750.55,13376.5,11210.3,13987.2,25169.1,18130.4,10812.7,4187.54,3023.6,20323.2,8792.54
4/26/2019,5878.01,13726.6,11106.6,14023.7,25284.4,18292.9,10796.7,4033.35,3033.96,20968.1,9047.57
5/3/2019,5865.54,14022.1,10952.2,12536.7,26853,18024.4,10503.7,3900.24,3035.22,21188.7,9612.16
5/10/2019,5699.22,13705.7,11099.3,12212.7,25078.1,18076.8,10359.4,3411.72,3081.99,20538.6,9347.45
5/17/2019,5309.15,13527.1,11204.8,12072.6,24144.8,18445.5,9661.21,3285.76,2916.54,20364.4,9573.74
5/24/2019,5253.81,12999.4,10973.2,11619.9,23779,18016.4,9486.34,3220.61,2965.72,20059,9331.93
5/31/2019,5104.56,12658.6,10539.3,10768.1,22784.6,17003.5,9393.59,3129.33,2919.42,19910.4,9167.04
6/7/2019,5006.74,13274.6,11302.2,11523.3,23550.9,18057.8,10265.8,3806.97,3013.11,20907,9704.14
6/14/2019,5247.49,14124.4,11739.5,11306.6,24048.7,17941.1,9948.54,4263.5,3068.52,21106.8,9956.07
6/21/2019,5658.77,14139.6,11824.6,12294,23739.8,18517.8,10296,4052.69,3289.77,21191.1,9753.77
6/28/2019,5751.36,13863.3,11928.8,12253,24414.8,18390.5,10496.3,4268.96,3246.79,20708.4,10072.9
7/5/2019,5910.57,14002,12080.3,12228.4,25176.3,18174.9,10527.9,4323.18,3399.56,21223.2,10119.9
7/12/2019,6087.31,14561.2,11970.3,12467.5,25098.5,17736,10600.4,4717.68,3598.35,21750.1,9962.72
7/19/2019,5797.07,14922.2,12115.2,12020.1,24788.2,17334.9,10043.4,4536.92,3514.4,21556.8,9953.45
7/26/2019,6110.72,14542.2,12298.7,11823.3,25671.7,17310.6,10517.1,4546.07,3553.09,22316.3,10096.1
8/2/2019,5928.42,14012.9,13020,11223.8,24366.5,17351,9926.81,4404.3,3567.38,21668.1,10230
8/9/2019,5711.26,13970.4,12642.4,10799,21820.1,17189.2,9783.93,4296.48,3698.89,21471.4,10425.5
8/16/2019,5505.18,13634.8,13539.5,9979.88,20603.6,17015.7,9605.21,4111.96,3748.09,21253.5,10273.4
8/23/2019,5333.66,13548.2,13603.6,9847.52,20303.1,16950.1,8739.74,4287.4,3792.41,21160.5,10889.6
8/30/2019,5589.46,13937.4,13821.2,9956.93,21167.1,16862,9619.7,4309.78,3897.47,21855.3,11103.2
9/6/2019,5752.78,14265.6,13238.6,10190,21566.3,16744.9,9953.09,4282.91,3956.12,22759.4,11015.3
9/13/2019,6018.88,14385,13613.3,10168.2,22846,17081.7,10051.7,4277.23,3814.62,23070.2,10802
9/20/2019,6075.2,14212.4,13663.8,10765.3,22442.8,17292.8,9918.91,4254.37,3892.44,22409.1,11025.5
9/27/2019,5850.81,13882.1,13994.8,10293.6,22745,16581,9792.79,4211.31,3895.6,22178.2,11398.5
10/4/2019,5897.08,13823.9,14359.7,9850.67,22471.8,16774.6,9324.68,3492.56,3876.96,22337,11397.8
10/11/2019,6068.23,13898.4,14015.8,10164,22587.2,16986.5,9767.12,3399.35,3926.92,22599.4,11267.4
10/18/2019,6136.6,14178.2,13871.3,10010.1,23287.6,17495.5,9927.26,3408.83,4054.86,22412.5,11457.2
10/25/2019,6136.52,14267.3,13658,10387.7,23720.9,17525,10153.2,3406.68,4006.26,23039.8,11242.4
11/1/2019,6238.83,14409.8,13420.7,10230.2,24735.9,17998.3,10603.2,3533.15,3991.65,23708.1,10983.4
11/8/2019,6459.29,14524.8,13089,10795.2,25434,18109.5,11317.7,3653.75,3889.45,24561.9,10971.4
11/15/2019,6353.18,14358.5,13273.1,10422.3,25696.4,18377.6,11216.9,3490.24,3829.94,24728.7,10984.6
11/22/2019,6390.51,14178.9,13202.3,10346.1,25790.9,18833,10950,3371.35,3821.53,24977.4,10944.6
11/29/2019,6546.35,14382.2,13173.3,10133.4,26455,19173.2,10929.9,3498.75,3942.3,25597.8,10884
12/6/2019,6362.86,14183.1,13939.2,10816.7,26850.2,19410.8,10769.5,3577.38,3857.78,25464.1,11502.6
12/13/2019,6643.58,14152.6,13951.1,10812,27176.7,19612.6,10722.5,3703.38,3580.45,25769.2,11084.9
12/20/2019,6851.81,14473.1,14104.2,10969.6,25587,20048.6,10491.6,3879.5,3638.54,26062.3,11014.2
12/27/2019,6869.43,14464.6,13951.2,11430.8,24709.7,20363.1,10628.7,3683.28,3675.83,26043.2,11174.7
1/3/2020,7064.91,15043.4,13154.2,11389.9,25407,20016.7,11750.3,3509.97,3651.72,26525.2,10727.5
1/10/2020,7228.72,15388.6,13022.1,11290.6,26078.7,20607.8,12476.7,4064.77,3806.04,27225.2,10788.6
1/17/2020,7306.05,16306.3,13327,10852.9,26335,20638.4,12997.1,4195.65,3871.9,28170.2,11060.4
1/24/2020,7465.24,15826,13288.5,10161.8,25642.9,20124.7,12701.8,4084.65,3835.04,28401.4,11544.2
1/31/2020,7083.77,15270.6,13171.2,9102.13,24358.8,19467.7,11596.8,3974.96,3752.35,27174.4,12035.2
2/7/2020,7426.59,15218,14145,9580.06,25060.5,20640.5,11905.6,4312.88,3830.25,28222.8,11819.7
2/14/2020,7598.64,15506.9,14316.8,10024.9,25294.3,20824,11953.4,4379.33,3884.37,28834.9,11946.9
2/21/2020,7609.87,15024,14285.8,9765.46,24608.2,20734.1,12498.9,4053.26,3914.17,28455.3,12084.4
2/28/2020,7004.88,13066,13170.8,8600.13,19812.1,18667,9217.29,3140.73,3469.3,24867.8,11812.6
3/6/2020,6895.09,12852.6,14330.9,8815.53,18192.8,19980.4,9529.06,3453.95,3703.7,25348.8,13567.9
3/13/2020,6522.03,11314.7,13304.6,7119.6,14760,19135.2,8205.87,2854.49,3319.14,24352.5,11186.5
3/20/2020,5974.68,9084.23,12724.6,5839.81,13079,16633.8,6552.27,2405.15,2570.69,20726.5,8850.25
3/27/2020,6315.65,9932.78,12394.1,6404.68,14970.6,17764.2,6847.49,2220.69,2918.14,23105.9,10218.6
4/3/2020,6309.85,9296.75,12726.2,7428.39,13366.9,18468.1,6559.44,1995.16,2648.72,22511.8,9445.16
4/10/2020,6941.26,10844.4,13423.5,8639.39,18032.9,21992.5,7904.14,3973.42,4773.46,24776.7,12462.5
4/17/2020,7377.68,11395,14182.5,8605.45,16718.5,24017.4,7504.23,4175.29,4783.79,26189.4,12319.3
4/24/2020,7457.14,11303.9,14526.1,8912.03,15795.1,24818.3,7309.96,4099.67,4533.61,26044.4,12202
5/1/2020,7610.53,11314.2,14481.2,9282.43,16637.6,24101.9,7327.68,4259.95,4486.48,26359.4,11630
5/8/2020,8074.6,11884.7,14827.7,10252.4,16652.8,24774.5,7404.44,4417.44,4543.94,28458.3,11455.2
5/15/2020,8604.88,11790.9,14802.1,9320.48,15315.9,26643,6527.28,4312.44,3841.52,28064.9,10798.9
5/22/2020,9200.52,12468.9,13978,10130.8,16061.8,25838,7161.32,4553.24,4041.72,29058.5,11173.1
5/29/2020,9418.39,12847.9,14249.1,10229.7,17735.3,26815.1,8166.14,4811.6,4275.81,29690.4,11429.1
6/5/2020,9603.23,13972,14402.4,11986.8,21525.9,26604,9855.53,5224.58,4575.67,30646.7,11587.8
6/12/2020,9395.23,13104.7,13461.9,10915.6,16728.6,23113.2,9106.68,3856.86,4023.13,29853.4,10694
6/19/2020,9466.79,13095.1,13660.2,10760,17025.7,23249.6,9060.55,3860.9,4033.43,30355.7,11260.8
6/26/2020,8906.78,12635.3,12884.1,10022.9,15697.5,22760.3,8431.26,3761.1,3875.58,30762.1,10844.2
7/3/2020,9455.76,13314,13132.5,10260.1,16154.7,23511.8,9479.65,4028.47,4095.04,31997.4,11393.2
7/10/2020,9892.66,14064.6,13397.8,9857.88,17142.1,22837.5,9196.72,3040.05,3710,32748.9,11226.1
7/17/2020,9960.64,14234.3,13551.1,10272.3,17469,24012.2,10189.9,3297.98,3340.91,32354.1,11411.2
7/24/2020,9943.07,14537.1,13738.3,10533.7,17440.3,23875.1,9966.08,3416.12,2376.84,31897.3,11328.1
7/31/2020,10175.7,14515.6,13801.6,9984.78,16871.4,23930.5,9886.26,3496.28,2489.25,33140.7,11632.2
8/7/2020,10523.7,14965,14021.2,10426.2,18036.2,23997.1,10452.5,3352.32,2390.75,34685.7,11964.4
8/14/2020,10311.7,15386.1,13885.6,11108.5,18503.4,23818,11193.5,3417.95,2316.56,34631.6,11739.3
8/21/2020,10461.1,15649,13967.4,10051.4,17250.3,24041.5,10812,3337.34,2337.09,35618.6,11873.6
8/28/2020,11129.4,16212.6,14319.6,10287.9,18874.1,24674.3,11603.9,3459.1,2395.34,37379.8,12134.4
9/4/2020,10789.9,15761.3,14567.7,9717.37,18829.6,24175.2,11810.4,3800.27,2387.06,35478,12362.3
9/11/2020,10243.3,15447.4,14369.9,8671.19,17829.4,23733.1,11814.3,3879.72,2301.86,34261.4,11740.3
9/18/2020,9976.99,15411.1,14210.6,9241.88,17933.6,23943.4,12689.6,4191.21,2317.56,33416.9,11483
9/25/2020,9933.77,15435.9,13504.5,8423.97,16095.2,22985.3,11945.9,3864.63,2270.89,33271.2,11322.6
10/2/2020,10199.7,15895,13738,8226.56,17205.5,23578.2,12508.9,4078.02,2358.84,33132.1,11575
10/9/2020,10428,16789,13958,8820.54,18261.4,24073.8,13274.9,4487.68,2385.68,35111.3,11999.3
10/16/2020,10499.7,16607.6,14006.3,8699.98,18302.6,23895.1,13302.9,4256.11,2247.85,35301.1,12193.5
10/23/2020,10689.1,16599.9,13831.4,8984.02,18706.3,23792.1,13610.3,4393.87,2166.3,34537.8,12177.8
10/30/2020,10126.2,15419.8,13297,8580.8,17129,22387.1,12065.3,4095.56,2033.63,32721,11669.7
11/6/2020,11153.9,16743,13660.6,8623.29,18410.4,24678.7,13093.8,4377.41,2111.08,36407.8,12067.6
11/13/2020,11578.3,16603.8,13892.4,10896.6,20403.5,25206.3,14452.8,4759.88,2308.74,36488,12462.9
11/20/2020,11297.2,16821.9,13880,11375.9,21033.1,24215.1,15302.1,5122.04,2297.67,35685.4,12109.1
11/27/2020,11698.5,17824,13907.4,12819.8,22812.9,24510.8,15936.6,5347.68,2262.59,36584.1,12049
12/4/2020,12083.2,17613,13612,13831.4,23430.2,25086.9,15872.8,5094.49,2265.93,37062.8,11862.5
12/11/2020,12055.9,17896.9,13556.4,14160.7,23579,25096.2,16571.2,5131.3,2152.62,36339.8,12069.8
12/18/2020,12150.3,18655.4,13862.6,13619.6,23601,25279.8,16642,5204.44,2171.82,37154.8,12120
12/25/2020,11883.7,18054.1,13402.2,13440.1,24403.3,25132.6,16084.3,5201.98,2208.46,37699.2,11830.3
1/1/2021,12183.5,18474.1,13275.6,13716.9,24883.9,25616.5,16268.9,5184.84,2221.02,38116.1,11779.7
1/8/2021,12276.4,19318.6,12863,15703.3,28831.2,26215,16768.4,6348.32,2196.66,38503.1,11728.9
1/15/2021,11167.9,18769.1,12267.7,16378.6,30441.7,26045.2,16409.2,6597.8,2205.84,37194.6,11648.4
1/22/2021,11857.7,19349.4,12117.5,16351.5,30461.2,26430.2,16181.9,6539.77,2207.36,38481.6,11868.9
1/29/2021,11369.6,18477.8,11576.1,15386.9,28302.8,25331.4,15277.8,5974.29,2223.98,37467.8,11965.4
2/5/2021,12125.4,19875.9,11302.3,17031.4,30113,24732,16207.4,6181.94,2223.28,39433,12220.4
2/12/2021,12603.5,19715.1,10853.4,18885.3,31050.2,25305,16184.1,6198,2281.1,40316.6,11855.5
2/19/2021,12568,19710.4,10606.1,19322.8,31922.1,24233.8,16269.6,6287.22,2254.93,39394.1,11334.7
2/26/2021,12485.4,18758.4,10173.7,20450.5,34414.8,24027.1,16873.9,6492.53,2294.54,37639.5,10590.8
3/5/2021,13100.2,18042.7,10460.2,22698.3,36504.4,23922.4,17910.2,6542.46,2274.87,36899.8,11307.8
3/12/2021,13152.9,19104,11035.3,24231,38462.4,24262.6,19192,6765.27,2443.28,37518.3,11665.9
3/19/2021,13049.7,19092.4,11106.8,22158.4,37289.4,24592.2,19142.2,6600.65,2434.32,36716.4,11891
3/26/2021,12394.1,19055.9,11060,23080.5,38422.1,24710.6,19676.4,6855.23,2538.28,38130.1,11984.7
4/2/2021,12965.7,19577,10555.4,22980.3,38978.5,24548.4,20133.9,7060.6,2567.68,39032.6,12001
4/9/2021,13395.6,20431.9,10787.5,22137.2,39148.2,24765.4,20466.4,7622.66,2601.93,41071.6,12061.3
4/16/2021,13454.7,20811.5,10654.5,22359.6,39656.7,25622,20594.7,7995.18,2732.4,41285.6,12664
4/23/2021,13187.6,20565.5,10464.8,21936.1,39537,26215.9,20812.3,8102.27,2853.31,40884.4,12398.8
4/30/2021,13487,20710.6,10375.9,23007.1,41274.6,25657.1,20694.4,8077.61,2846.34,40122.7,12381.5
5/7/2021,13675.5,20497.9,10650.5,25279.8,43875.6,27545.4,20909.4,8881.35,2874.8,40097.1,12186
5/14/2021,13406,19661.3,11162.8,24422.2,44902.8,27555.9,20734,9360.11,2986.84,38619.1,11872
5/21/2021,13431.3,19316.4,11212.1,24229.6,44432.5,27920.7,20347.9,9502.07,3046.36,38569.8,11874
5/28/2021,13815.8,19609.3,11136.4,24453.8,44854.6,27725.4,21016.2,9735.92,3047.67,39382.5,11632.6
6/4/2021,13822.6,19369.7,11791.6,26373.9,46131.1,27209.6,21144.5,10023.8,3177.13,39738.5,11245.4
6/11/2021,13910.9,19530,12834.6,26060.4,44517.8,27851.3,20445.9,10108.2,3323.94,40412.6,11508
6/18/2021,13574.7,19084.5,11914.2,24310.2,39776.3,27199.9,19003.2,9428.31,3293.72,40340.2,11334.4
6/25/2021,13924.2,20168.9,11934.2,26459.4,42116.6,27674.8,19694.8,9331.92,3385.27,41587.5,11502
7/2/2021,14312.9,20496.6,11162.4,25787.7,41003.2,28873.6,19700.1,9234.8,3532.88,43055.7,11586
7/9/2021,14197.2,20658.5,11372.8,24431.2,40076.1,30216.6,19722.7,9154.66,3693.46,43395.3,11729.7
7/16/2021,13819,19519.4,11492.3,22209,38680.7,30452.8,18845.8,8710.99,3809.35,43197.1,12009.7
7/23/2021,14328.6,19802.9,12689.3,22563,39225.9,31793.9,19595.3,8636.71,3889.83,44819.4,11921.4
7/30/2021,14436.5,19550.2,13220.2,22878.6,39315.4,32246.6,19568.7,8719.07,3949.26,44571.3,12196.1
8/6/2021,14555.6,19640.2,13075.8,22921.9,40517.6,32685.3,19276.7,8403.38,4165.98,45034.2,13498.4
8/13/2021,14920.1,19536.4,13107.8,22630.6,42657.7,32408.5,19679.7,8910.72,4255.68,44909.3,13596.9
8/20/2021,15197.5,19352.3,13462.2,20672.3,41389.1,33403.5,18758.3,8396.74,4340.45,45492.6,13830.3
8/27/2021,15804.5,19775.7,13237.8,22481.6,43845.6,33457.6,19486.4,8803.32,4397.34,46034.2,13544.6
9/3/2021,15982.9,19820.8,13263.9,22174.3,42177.6,34057.2,18855.1,8052.42,4614.73,46303,13823.2
9/10/2021,15748.2,19808.7,13051.4,21853.1,40601.3,33126.4,17845.7,8045.95,4401.56,45353.1,13530.8
9/17/2021,15676,20243.5,12668,22885.7,40043.2,32899.6,17008.5,7679.48,4455.43,44895.8,12986.1
9/24/2021,15508.8,20358.1,12180,23929.3,41296.5,32475.7,17742.1,7658.98,4407.36,44867,12440.1
10/1/2021,15367.4,19861.5,11852.2,26224.1,41436.4,30433.8,17656.6,7560.71,4326.76,43804.6,12001.4
10/8/2021,15175.7,20190.3,11647.3,27081.4,43103.3,29629.7,17386.2,7222.89,4198.74,44244.1,12223.7
10/15/2021,14891.3,21009.1,11557.7,27777.8,44577,30036.5,18250.2,7579.7,4382.07,45589,12283.7
10/22/2021,14982.8,21453.7,11621.8,27495.8,45817.1,30839.1,18389.9,7534.92,4511.47,46676.4,12281.5
10/29/2021,15080.3,22559.6,11722.2,27127.2,45306.4,32179.1,17771.2,7637.28,4700.71,47418.1,12169.2
11/5/2021,15314.7,23894.2,12050.2,27669.1,45374.5,32745.4,18434.8,8336.2,4788.25,48738.2,12417.2
11/12/2021,15299.7,23263.3,11998.3,27075.8,45700.6,32932.7,18309.4,8674.26,4746.71,48713.3,12305.2
11/19/2021,14611.2,24123.7,11698.9,25179.6,43380.3,32878.9,18013.9,8585.83,5168.11,49800.8,12536.3
11/26/2021,14286,23570.7,11893,25854.4,42993.8,32545.8,17104.6,8646.37,5296.24,48578,12412.3
12/3/2021,13617.8,23359.7,11739,25641.4,41053.2,32014.4,16911.6,7722.58,5251.93,48962,12811
12/10/2021,13955.6,24169,12539.7,26615.1,43417.6,33202.9,17612,7971.17,5499.44,52097.8,12929.3
12/17/2021,13751.1,22703.1,12853.3,25362.2,42711.2,34482.1,17110.1,7979.14,5790.78,49970.5,12960.5
12/24/2021,14188.7,23743.4,13117.7,25697.3,43870.3,35656,17310.6,8073.63,5763.26,51606.3,13011.4
12/31/2021,14215.4,23552.2,13457.4,26430.4,44075.6,35647.3,17540.8,8229.54,6206.84,51979.5,12979.2
1/7/2022,13262.3,23110.4,14103.7,30447.6,48872.7,35376.4,18478.8,8561.52,6222.8,50186.5,12981.8
1/14/2022,13432.5,22797,14464.1,32105,49469.4,35168.6,18537.1,8478.07,6156.98,49629.5,12976
1/21/2022,12624.1,20478.3,14574.6,31317.1,45501.8,33955.5,17085.2,7952.18,6032.4,45829.2,13088.1
1/28/2022,12744.6,19974.5,15220.9,33098.8,47056.2,34050.8,16687.4,7728.95,5662.88,46768.9,13243.6
2/4/2022,12451.2,20201.6,15073.4,35326.7,48929.8,34505.9,16520.8,7632.39,5549.11,47346.3,13707.9
2/11/2022,12198.6,19609.7,15096.8,36238.2,50167.4,34062.4,16218.1,7259.59,5416.33,45848.4,13461.2
2/18/2022,11661.9,19485.6,15321.7,34431.5,47938.4,33084.4,16051.6,7197.18,5292.35,45016.4,13033.7
2/25/2022,11790.6,19460.8,15494.9,35147.7,47129,33937.7,16121.1,7331.15,5374.79,45480.1,13031.1
3/4/2022,11549.3,18816.5,16169.6,38199.9,43823.3,34563.2,16285.9,7149.28,5413.72,44499.1,13573.6
3/11/2022,11168.2,17397.8,15018.2,38238.6,41934.5,33887.4,15560.3,6963.28,5256.7,42217.6,13566.5
3/18/2022,11868.6,19079.8,15329.3,36572.4,45859.9,36742.8,16061.1,7497.05,5457.43,45110.8,13816.7
3/25/2022,11961.2,19528.4,15362.3,38668.2,47716.3,37115.2,16297.1,7797.14,5443.52,46533.4,14386.7
4/1/2022,11876.3,19746.1,15446.6,36979.1,45273.3,37225.8,15947.8,7845.61,5842.14,47570.6,15105.6
4/8/2022,11682.5,19213.9,16363.7,38156.4,42271.8,38916.2,15146.8,7916.64,5943.02,46127.8,15278.4
4/15/2022,11142,18982.3,16629.1,38713.2,40980.9,38842.1,15053.6,7999.7,5868.27,44256.8,15535.6
4/22/2022,10298.7,18637.5,16828.3,36741.7,38810.2,37503.2,14914.7,7821.52,6067.57,43010.7,15367.8
4/29/2022,9907.32,17241.4,16810.8,36081.3,36746.1,36789.4,14525.6,7612.2,5834.32,42730.9,15696.7
5/6/2022,9885.1,16985.8,16036.2,39907.3,35983.5,36697.3,13967.5,7334.98,5525.3,42059.4,15833.8
5/13/2022,9453.4,16070.3,16646,38869.3,33938.9,36755.9,13632.3,6943.49,5558.61,40351.2,15759.2
5/20/2022,9851.8,14532.9,15262.1,39247.5,32254.9,37307.2,13131.3,6867.54,5444.09,39272.9,15626.7
5/27/2022,10273.5,16060.7,16239.1,42934.8,34717.9,40020.4,13855.2,7659.18,5736.96,42254.9,16775.4
6/3/2022,10147.3,16080.8,15452.1,44170.9,33835.9,38909,14005.3,7728.69,5420.82,41577.9,16544.7
6/10/2022,9629.36,15191.5,15165.9,43585.4,31046.5,37749.3,13446.7,7286.9,5072.14,39236,16217.3
6/17/2022,9133.96,14073.2,14610.7,35130,29179.2,35465.3,12605.2,6268.84,4849.83,37231,14668.7
6/24/2022,9725.35,15169.8,15595.1,33939,30271.7,37812.4,13112.1,7001.73,5320.32,39835.6,15301.2
7/1/2022,9387.92,14232.5,15568.2,34034.5,29487.3,38147.4,12684.3,6253.78,5311.04,38064.5,16308.1
7/8/2022,9731.44,14608.2,15223.1,33043.1,29410.8,38576.8,12204.2,6029.53,5225.9,39562.8,16056.8
7/15/2022,9608.09,13905.1,15304.4,31916.6,28393.7,39211.7,12007.9,5739.7,5215.2,39277.9,16541.8
7/22/2022,9641.48,14879.7,15161.3,32748.5,28959,39028.9,12271.9,5837.7,5345.89,40878.6,15956.7
7/29/2022,9766.1025,15835.747,15532.7896,36541.6968,30365.8138,39854.4289,13234.2806,6080.3676,5628.963,43367.8045,16692.3016
8/5/2022,9973.623,16464.3963,15776.7918,34002.2385,30022.6894,39634.1893,13555.4191,6058.8199,5502.162,44812.563,16748.0814
8/12/2022,10375.352,17237.922,16413.7453,36706.2415,32135.4094,40208.3056,14489.3798,6171.1006,5676.561,46208.0361,17497.8496
8/19/2022,10110.1725,17063.4753,16660.3833,37113.7159,33271.2721,40270.1509,13879.7058,5967.3378,5524.682,45441.0214,17861.2222
8/26/2022,9741.256,16072.3113,16224.2787,38472.9007,33986.2338,38526.2691,13332.2991,5759.0751,5250.007,42251.5803,17907.2442
9/2/2022,9497.376,15300.7217,15384.3025,36811.521,32478.7246,37642.6538,12909.4042,5451.619,5141.424,40028.4884,17767.7923
9/9/2022,9352.503,16596.5669,16373.3874,36989.2905,33262.0409,39138.9498,13304.9615,5591.6642,5427.344,41394.0491,18298.3705
9/16/2022,8670.882,16339.4066,15687.0226,35833.2902,30193.5468,38319.7955,12340.0625,5148.4696,5100.24,38839.0015,18042.1567
9/23/2022,7877.244,14693.7232,15095.1321,32366.1216,28525.493,37041.7947,11803.641,4866.9965,4708.722,37085.6077,17188.2537
9/30/2022,7578.5925,14095.8907,14468.5193,33548.6589,26994.4552,35832.2494,11110.9978,4704.505,4612.881,35670.3344,16130.1447
10/7/2022,7784.6175,14262.3674,14219.1503,38652.4796,27291.1737,36352.578,11456.2342,4655.4679,4459.5495,36183.4042,15367.7004
10/14/2022,7736.775,13527.4399,14523.7993,38098.8168,27440.6072,36732.0536,11454.8142,4924.2136,4386.723,35309.3288,14954.7915
10/21/2022,8440.245,14276.0631,14789.5896,41550.2972,29001.4333,37774.1291,11837.9864,5165.3638,4500.1658,37638.4512,14844.5591
10/28/2022,8327.7455,14641.4314,16047.7768,42458.3849,31333.2691,39879.9649,12804.5461,5271.6484,4742.416,39250.5461,15617.1551
11/4/2022,7852.41,13832.9472,15991.7845,43746.6824,31264.8649,39800.947,13060.3363,5409.4033,4764.4135,36515.4955,15449.0934
11/11/2022,8558.422,14712.5978,16477.4354,44490.4547,33373.284,40493.5296,14071.1533,5551.3027,5140.798,40268.9781,15717.9128
11/18/2022,8323.5165,14000.7655,16939.0527,43526.4674,33160.9818,41133.3827,14038.5414,5441.2178,5092.9925,40644.8719,15847.4909
11/25/2022,8486.31,14199.2803,17417.1629,43713.9693,33674.2154,42450.0267,14407.4938,5533.0997,5152.64,40942.5078,16420.7769
12/2/2022,8728.517,14632.9647,18075.7219,42664.6295,33107.5342,42977.503,14303.2781,5634.8472,5108.967,41238.2222,16569.4636
12/9/2022,8283.672,13476.3629,17752.3261,38150.5529,31874.4851,42679.3284,13550.3983,5557.1493,5003.895,40033.05,16476.7693
12/16/2022,8041.1675,13337.8715,17234.4046,38681.1015,30934.7609,41907.9529,13309.8156,5351.6382,4940.625,39270.9657,16610.3148
12/23/2022,7922.85,12645.7319,17567.4466,40689.5979,31300.0472,42145.4506,13531.1831,5290.1849,4948.326,38190.6348,16545.0162
12/30/2022,7906.3525,12574.146,17319.5909,40868.1008,31316.7836,42013.6943,13530.981,5249.127,4915.383,38079.3738,16259.0033
1/6/2023,8570.52,13035.7385,17737.9617,40743.787,32694.4962,41917.3255,14750.6202,5442.9558,5030.464,38236.717,16558.9154
1/13/2023,8917.8225,13858.6943,17602.9,41914.3793,33497.5228,41558.1356,14905.471,6047.4364,5362.358,39402.225,16400.4903
1/20/2023,8833.185,13620.492,17052.7598,42487.0736,32134.7558,41319.9825,13767.1332,6185.63,5196.65,39409.3415,15817.2661
1/27/2023,9396.5355,14434.5449,16679.243,43103.8213,33226.5842,40670.4819,13782.9546,6202.7687,5295.9375,41024.4761,15822.2529
2/3/2023,9859.08,14847.9272,16703.7708,39887.5202,34085.2472,40386.2348,14483.9541,6316.1159,5421.056,42411.3315,15393.4422
2/10/2023,9266.256,14526.5893,16518.3509,41769.4131,33944.6556,40471.1008,14230.7576,5981.9332,5345.99,41707.7258,15459.8289
2/17/2023,9373.5225,14590.7227,16959.0589,39374.3847,34199.1556,40529.5521,14426.8788,6042.5188,5159.2025,41373.5625,15491.8305
2/24/2023,8976.264,13739.0978,16710.3437,39627.1618,33172.5519,39281.0508,13860.4346,5843.5467,4813.9125,39984.0445,14719.0888
3/3/2023,9098.374,14090.1288,16333.963,41372.0777,33657.6834,39037.1534,14806.7714,6029.7571,4901.875,40823.6084,14503.7256
3/10/2023,8601.996,13246.9194,16004.8563,38957.9131,30270.7519,37352.43,14020.974,5572.1798,4514.305,39353.7351,14399.4264
3/17/2023,9051.8955,13731.6406,16165.0291,35169.4557,28865.4733,38055.6997,12864.4569,5215.757,4497.9545,41812.263,15464.991
3/24/2023,9350.0825,13634.6144,16759.1519,35710.5554,29283.8588,38045.5557,13279.1897,5186.4973,4415.6685,42424.1347,15215.3911
3/31/2023,10011.419,14333.8953,16986.9479,38074.814,29537.6655,38458.0768,13884.5267,5377.9027,4650.072,43537.0735,15458.6469
4/7/2023,10215.5155,14022.4488,17496.4675,39764.1985,29462.6437,39624.1061,13162.384,5488.3962,4639.355,43342.9816,16316.2836
4/14/2023,11073.0485,14396.6777,17744.1196,40441.939,30670.3136,39881.8817,13245.0451,5925.9961,4410.3,42819.5091,16039.2564
4/21/2023,10865.9115,14509.0557,18493.3249,38782.6795,32379.3821,40144.328,13574.9049,5921.2596,4495.062,42481.8713,16202.256
4/28/2023,11255.21,14439.0098,18738.2969,38476.5636,32383.7193,39820.6922,13277.6,5857.896,4543.2125,43228.7674,16167.1296
5/5/2023,11123.531,14366.2227,18984.1042,35740.3951,29884.0877,40640.1251,13127.9563,5737.4099,4408.56,43633.6319,16316.9083
5/12/2023,11628.5225,14421.2972,19042.6099,34790.1862,28657.2191,40240.6617,12972.3765,5433.7079,4398.874,43270.7077,16392.8413
5/19/2023,12011.796,14935.7453,18598.2597,35593.0433,29185.0009,40360.1407,13183.5323,5450.9245,4283.643,45040.2087,15623.3902
5/26/2023,12279.708,15113.9107,17745.9609,34329.8722,28945.4127,39300.3238,12924.4328,5338.6088,4153.695,47218.6807,15277.0955
6/2/2023,12571.998,15888.9106,17609.1174,34634.5886,29592.01,40479.389,13705.2294,5556.7631,4358.304,47642.5892,15594.5573
6/9/2023,12562.9875,16370.3842,17621.1045,34725.8117,30176.2934,40621.3076,13908.5824,5610.8743,4443.264,47604.3465,15812.3825
6/16/2023,12692.96,17046.1721,17937.3625,34023.8018,31716.1564,40861.5265,14902.8267,5936.9895,4558.6055,49888.4008,16177.181
6/23/2023,12709.504,16884.7105,17328.8421,31959.2881,31831.3153,40644.8228,14126.2253,5622.6087,4348.025,48007.217,15472.2081
6/30/2023,13126.636,17202.3052,17375.9401,33508.9403,32541.7943,41095.242,14893.4403,5964.4626,4649.0615,49942.3103,15298.181
7/7/2023,13149.8575,17030.7043,17301.4321,33392.4621,32541.8384,39921.0268,14822.9712,5688.7274,4682.181,49112.5981,15328.9958
7/14/2023,13715.3875,17483.8228,17769.396,33986.9836,33504.9059,40591.9582,15680.6774,5963.3913,4817.718,51046.9373,15540.8976
7/21/2023,13734.82,17184.046,17789.8254,34876.9501,35469.6358,41248.7477,15827.3458,6488.4245,4805.7,50929.0281,16058.947
7/28/2023,14549.8745,17604.8058,18284.6847,36402.4776,35810.559,40390.0842,16135.7962,6780.988,4711.6215,51523.5763,15615.2357
8/4/2023,14270.043,17361.4179,18059.463,36430.2755,35023.2979,40059.6489,15962.8022,6269.7327,4515.126,49594.6193,14764.039
8/11/2023,14437.512,17227.1319,18234.1313,38160.2306,34575.8783,40492.7905,15960.6606,5808.9065,4554.102,48393.6392,14646.036
8/18/2023,14013.924,16608.115,17365.7485,37759.7207,33157.5286,40261.3412,15428.8102,5510.4822,4420.6085,47608.4288,14388.3679
8/25/2023,14180.922,16845.2535,17096.3204,37035.1717,32497.6836,40325.2169,15317.895,5532.677,4426.8525,48901.5884,14518.7218
9/1/2023,14097.71,17561.3968,16777.7303,38630.2139,33236.3304,40627.3623,15631.9488,5752.0406,4497.35,51248.8091,14408.7134
9/8/2023,14091.732,18098.9863,16804.4587,38943.9801,32691.1731,39276.6677,15118.3994,5511.1707,4463.978,50352.0249,14738.2614
9/15/2023,13927.313,18940.4062,17044.9988,39189.2856,32389.9992,39520.2262,15075.48,5631.7576,4447.911,48990.441,14989.721
9/22/2023,13271.645,17630.4048,16635.2307,38150.9278,30499.1721,38656.5444,14950.508,5091.9908,4172.599,47688.09,14548.7356
9/29/2023,13107.443,17434.6575,16206.2557,39037.1089,30595.8563,37709.9188,14418.8719,4942.6586,4093.5105,47598.0422,13184.0647
10/6/2023,13529.202,16711.9928,15672.2375,37123.1647,30254.5769,38094.9223,14172.2883,5192.0848,4085.93,49095.999,13383.5707
10/13/2023,13876.783,16310.839,15782.9568,39148.5186,30172.7936,38316.912,14430.7955,5378.412,4191.197,49055.4614,13462.5327
10/20/2023,13915.984,15799.0068,15635.0151,40181.4233,28970.1927,37216.1984,14077.1862,5212.5465,4088.8375,47371.4298,13020.4325
10/27/2023,13053.321,15258.6665,15517.921,38085.548,27495.0187,35915.668,13610.1914,5195.8132,4061.5425,46621.0221,13112.8914
11/3/2023,13856.556,16294.895,15951.4994,38808.7337,29246.5695,36434.8419,14084.4016,5332.0128,4386.9945,49579.5369,14000.4125
11/10/2023,14101.3965,16511.7449,15372.6879,37211.2195,29320.1264,35849.988,13939.2113,5150.1434,4367.53,52474.7546,13621.7133
11/17/2023,14585.0705,17408.1745,15438.719,37710.272,30567.0709,37194.4653,14370.9864,5327.8189,4607.757,54265.258,13571.3814
11/24/2023,14834.188,17581.6271,15664.2401,37630.2918,31201.4602,37236.3729,14853.1458,5388.2926,4650.776,54890.724,13492.4026
12/1/2023,14873.3525,18178.8689,15894.3473,37699.9255,32355.7081,37230.8122,14704.4752,5523.915,4926.096,55740.0474,13844.7219
12/8/2023,15378.736,18523.2337,15558.938,36269.5315,32384.9603,37344.8163,14914.009,5245.4638,5086.18,56792.4057,14164.1555
12/15/2023,15674.114,19409.0258,15389.3937,36600.8851,32886.5042,37446.1119,15322.7995,5052.6017,5544,58613.4055,14420.3835
12/22/2023,16217.4435,19581.8517,14630.1412,36704.9185,33695.4452,37443.115,15626.1944,5082.3909,5687.3495,58422.7425,14015.8689
12/29/2023,16432.059,19562.3955,15185.4949,36078.3809,34091.7481,37636.1509,15346.0177,5070.2744,5714.559,58486.1831,14162.1181
1/5/2024,15892.024,18427.7464,15238.8865,36435.6193,34356.1024,39129.6319,15430.3807,5517.837,5712.766,55651.3558,14524.0355
1/12/2024,16179.152,18335.9497,15282.3077,35269.1549,34691.4681,39537.4553,15317.1409,5618.1649,5810.403,58480.5416,14409.9958
1/19/2024,16503.7565,18670.0762,14987.9713,34294.6576,35411.2745,39469.3171,15380.4612,5486.6919,5768.235,60852.8604,13776.8553
1/26/2024,17066.296,18447.5743,15199.4115,35997.8514,36394.5958,39004.6977,15713.0042,5431.1155,5763.8775,61777.0397,13051.4508
2/2/2024,17514.891,19213.1986,15899.9571,35443.7332,36500.6937,40128.5499,15953.0451,5274.0318,5712.021,62331.5606,11964.3651
2/9/2024,17544.072,19852.55,15610.5795,35258.8081,36572.8393,40649.0293,16159.6832,4903.0755,5692.362,63860.0656,12172.9826
2/16/2024,17416.37,20149.2832,14738.2062,35612.0263,37119.2583,40819.5175,16485.9583,4856.7107,5815.7775,62331.9836,12088.2813
2/23/2024,17490.568,20296.0051,15088.4959,35808.7182,37511.0557,41380.8868,16575.4527,4990.4435,5856.4,63641.1106,12114.677
3/1/2024,17516.378,21037.3757,15120.7269,36143.4238,36917.5428,41109.1485,16985.5795,4963.0309,5962.632,64989.0889,11682.0012
3/8/2024,17553.5745,19915.8259,15292.9412,36473.6542,37128.5252,41266.2179,16996.7648,5139.7448,6067.6785,64134.5777,12295.7277
3/15/2024,17431.9065,19167.6615,15428.6497,37821.0738,36808.7095,40790.2435,17241.323,5631.7542,6023.872,63540.8826,12125.5662
3/22/2024,18069.947,20026.7062,15572.1436,38717.8361,37704.4366,40674.5247,18014.714,5731.0668,6009.272,65619.1038,12090.2409
3/29/2024,18189.765,20044.608,15613.4673,39545.9132,38383.7634,41093.3633,18128.919,5831.0513,6166.68,65304.2867,12317.5261
4/5/2024,18451.472,20021.7196,14692.9456,41779.5495,38437.5104,39709.9397,18596.1439,5869.9035,5946.981,64940.0649,12215.8163
4/12/2024,17949.531,19668.6415,14090.5603,41275.7418,37141.4458,38035.6867,18173.9604,5846.9334,5666.066,64605.8014,11746.9411
4/19/2024,17308.566,18708.1041,13813.9655,40635.2128,37575.4243,37706.2118,18272.4077,5575.4546,5410.704,60368.9168,11710.2793
4/26/2024,17544.09,19139.5801,14235.2455,41486.4589,38054.2583,37875.3207,18015.8102,5597.1239,5452.593,62727.8154,11899.2517
5/3/2024,17477.759,19143.6946,14748.9329,39154.7217,37532.8946,38019.2166,18271.368,5481.3601,5573.361,63379.0894,12561.7288
5/10/2024,17907.9205,19066.1842,15793.4818,39607.9137,39374.3877,38793.0389,18559.9197,5641.1549,5696.0765,63728.8891,13325.6484
5/17/2024,18170.0695,19085.7411,15772.7522,39871.254,40084.8717,40047.2891,18595.9641,5706.2713,5980.668,65718.4041,13605.2847
5/24/2024,18340.245,18669.2499,15352.2915,37916.1927,38957.1722,38865.6351,18454.431,5634.5115,5778.045,66936.1185,13357.9274
5/31/2024,18350.504,18697.3848,15326.6077,38708.2154,38887.4056,38362.9171,18634.6948,5535.16,5857.7975,65539.6353,13956.7249
6/7/2024,18762.12,18788.1228,15467.6827,37105.0548,39005.5283,39618.8804,18303.7486,5780.1168,5872.0605,67117.5514,14115.5818
6/14/2024,18546.4585,18805.4784,15634.0707,36199.7766,37704.7216,39878.5335,17563.8424,5318.6661,6012.6065,71182.3681,14248.4678
6/21/2024,18589.119,19174.6438,15788.1214,37055.4594,38560.701,39457.4372,18411.8062,5465.6847,6008.652,71253.8464,13709.671
6/28/2024,18995.105,19380.5932,15627.8191,37824.8983,38887.8165,38924.771,18046.0221,5459.6532,6041.893,70358.8641,13915.8343
7/5/2024,19636.3,20293.5756,15756.2556,37618.9304,39757.744,38920.7079,18101.2977,5434.3054,6026.505,72531.8493,13999.5662
7/12/2024,19493.1135,20537.9252,15975.7516,37789.7646,40985.5042,40324.2986,18946.8877,5825.8221,6288.4275,72923.5987,14691.9706
7/19/2024,19243.371,20086.8903,16342.0356,38940.8089,42477.009,40163.758,19364.3401,5548.4084,6457.294,68702.916,14728.9943
7/26/2024,18171.27,19065.0778,16092.1618,38597.5745,42847.642,40918.884,19668.1938,5669.1933,6561.603,67253.5414,15399.349
8/2/2024,18295.366,18039.3569,16281.7326,37196.4393,40848.4797,41488.8118,18523.148,5503.5802,6772.948,63720.3072,16734.6922
8/9/2024,17548.9995,17600.19,16077.0912,37174.3712,41074.8061,40279.4273,18788.1533,5373.2651,7189.2295,64836.3516,16806.9414
8/16/2024,18024.027,18560.821,16578.7648,37533.6689,43244.5598,41239.0251,19670.9542,5567.6753,7296.198,70107.6156,17219.7705
8/23/2024,18287.5,18890.9395,16840.3648,37071.1264,44207.6468,41865.0671,19666.8493,5663.3665,7537.706,70739.0867,17231.5211
8/30/2024,18166.926,18862.3045,17077.244,37367.677,46272.6618,42092.7089,19650.115,5602.4688,7671.3325,69228.9853,17235.7542
9/6/2024,17302.6935,17884.9132,17832.2114,34638.3084,43609.946,41692.0191,18823.8281,5292.1591,7750.8695,63889.3385,17643.318
9/13/2024,17895.22,18536.4499,18445.4479,34375.0153,42778.3575,43047.897,19360.3973,5359.6811,8069.985,68370.7659,18486.2865
9/20/2024,18260.06,19069.7351,17708.0712,35785.742,42470.4402,42052.2035,19947.1677,5434.7743,8104.952,69141.3833,18460.3747
9/27/2024,18564.5625,19522.3011,17805.4496,35218.151,41966.7185,41669.6909,19520.1481,5594.5834,8231.2965,69883.6224,18357.8079
10/4/2024,18689.472,19718.5594,17591.1498,38345.825,42618.6312,41134.6737,20025.1258,5660.1144,7964.16,69953.8735,18910.6049
10/11/2024,18438.677,19501.3753,17268.6405,37775.916,43905.2273,41714.2427,20261.3659,5837.1815,7943.347,71921.7571,18209.6022
10/18/2024,18455.829,19881.8203,17284.5296,36355.0022,45307.8312,41646.0501,20413.6395,5874.7608,8247.819,71860.5537,18899.6499
10/25/2024,18351.7,20473.2325,16987.8908,35744.0979,44274.9718,40195.872,19717.7604,5846.5412,8089.0485,71759.722,18388.867
11/1/2024,18641.7,20189.7317,16721.038,34835.6013,44405.7307,39663.067,20279.1973,5603.979,7868.434,69648.5259,17917.0966
11/8/2024,19380.27,21824.6236,16367.8126,37267.8938,48117.4331,40490.8294,21601.3743,5793.2523,7840.1305,73805.5905,17564.037
11/15/2024,19229.815,21792.9181,16025.7278,37913.2385,50463.2249,38405.3536,21955.1749,5720.8576,7461.328,71404.6107,16886.1272
11/22/2024,19768.364,22803.0643,16349.3248,38798.4934,52441.9055,38709.1701,21971.8089,5995.7653,7720.159,72942.9775,17631.8197
11/29/2024,20358.96,23542.2929,16920.4409,37908.6158,53077.6242,39500.7684,22466.1837,6139.2537,7956,72784.9003,18288.0686
12/6/2024,21154.928,24072.2771,17252.1686,35645.6347,51128.0495,38662.0369,22092.6586,6164.7461,7725.405,74866.5342,17601.4618
12/13/2024,21167.118,24291.5593,17254.8012,34891.6401,49425.8315,38125.8565,21531.9827,6123.295,7445.9955,74501.3422,16985.6258
12/20/2024,20370.782,23132.0999,16393.4404,33216.3012,48565.5647,36599.7147,20906.1633,5598.9624,6999.564,73585.5175,16705.623
12/27/2024,20402.556,23434.2271,16365.2845,33132.6544,48613.2771,36684.9293,20925.2848,5540.1032,6916.124,74359.5195,16473.1581
1/3/2025,20466.708,23243.7866,16137.6883,33699.9343,48150.0383,36805.6872,20369.3347,5346.9312,6963.22,73614.3277,16562.5006
